blue,green,red,label
240,139,20,Blue
72,83,174,Brown
131,249,144,Green
156,25,168,Pink
136,182,30,Green
175,150,199,Pink
154,93,199,Pink
25,243,231,Yellow
76,213,48,Green
64,3,38,Blue
56,181,82,Green
108,99,249,Pink
177,161,24,Blue
41,134,180,Brown
236,103,125,Blue
98,155,10,Green
7,85,228,Orange
198,15,249,Pink
155,13,172,Pink
149,195,215,Brown
229,146,250,Pink
91,253,159,Green
127,137,58,Green
242,191,201,Purple
44,208,253,Yellow
94,189,95,Green
248,183,119,Blue
228,45,71,Blue
147,229,161,Green
34,21,202,Red
190,5,29,Blue
186,86,1,Blue
139,160,213,Brown
121,15,172,Pink
90,240,127,Green
197,160,7,Blue
105,191,187,Green
32,233,37,Green
153,40,101,Purple
165,77,91,Purple
222,154,216,Pink
41,223,43,Green
218,23,13,Blue
174,227,40,Green
93,168,122,Green
53,157,82,Green
19,53,77,Brown
151,158,45,Green
50,3,154,Pink
179,214,138,Green
202,154,28,Blue
138,111,126,Purple
189,106,199,Pink
237,110,121,Blue
69,225,83,Green
79,68,22,Green
146,140,165,Grey
230,6,205,Pink
96,40,138,Pink
167,99,237,Pink
210,70,96,Blue
160,179,91,Green
68,65,27,Green
177,74,90,Blue
55,35,94,Brown
4,240,68,Green
107,205,108,Green
126,150,135,Green
250,193,45,Blue
15,208,222,Yellow
116,177,114,Green
0,170,150,Green
220,69,93,Blue
120,25,7,Blue
199,75,93,Blue
45,114,125,Green
118,180,48,Green
172,85,90,Blue
221,156,21,Blue
227,119,23,Blue
0,193,183,Yellow
228,66,78,Blue
165,141,221,Pink
120,131,50,Green
32,227,237,Yellow
117,124,25,Green
99,185,184,Green
184,11,60,Blue
17,203,128,Green
118,34,176,Pink
233,77,15,Blue
31,71,73,Grey
187,178,140,Blue
239,160,94,Blue
67,174,153,Green
61,17,44,Purple
181,73,22,Blue
43,147,241,Orange
60,15,231,Pink
229,63,24,Blue
134,114,32,Blue
197,203,73,Blue
139,64,201,Pink
146,34,100,Purple
76,124,104,Green
6,23,237,Red
253,24,84,Blue
69,221,207,Yellow
50,158,226,Orange
88,21,76,Purple
179,70,146,Purple
118,240,18,Green
227,253,146,Green
15,112,120,Green
201,181,40,Blue
187,234,122,Green
1,111,131,Green
96,123,96,Grey
241,131,47,Blue
246,96,153,Purple
167,109,187,Pink
49,191,194,Yellow
135,168,237,Orange
35,240,20,Green
27,254,159,Green
175,16,93,Purple
250,4,26,Blue
160,229,164,Green
143,24,162,Pink
137,127,147,Grey
199,85,213,Pink
84,52,187,Pink
113,229,252,Yellow
204,89,248,Pink
230,108,93,Blue
12,95,215,Orange
203,205,144,Green
115,19,179,Pink
139,64,213,Pink
12,79,214,Orange
126,183,44,Green
133,183,247,Orange
18,242,150,Green
201,171,212,Pink
97,12,110,Purple
20,198,72,Green
51,101,115,Brown
150,86,187,Pink
7,135,249,Orange
248,105,164,Purple
136,148,74,Green
74,196,113,Green
192,34,201,Pink
222,18,79,Blue
138,157,0,Green
105,128,107,Grey
70,20,140,Pink
15,218,132,Green
217,202,167,Blue
209,142,215,Pink
126,38,126,Pink
240,225,199,Blue
130,78,96,Purple
242,253,125,Blue
80,86,164,Brown
170,249,180,Green
90,233,85,Green
203,233,199,Green
76,154,90,Green
79,187,54,Green
30,43,125,Brown
66,34,35,Blue
165,33,243,Pink
93,119,1,Green
23,206,91,Green
229,240,54,Green
249,168,157,Blue
172,211,100,Green
108,194,49,Green
97,115,98,Grey
89,49,42,Blue
15,157,50,Green
76,132,56,Green
37,203,92,Green
95,153,96,Green
104,25,55,Purple
237,118,55,Blue
154,157,139,Grey
251,91,228,Pink
230,218,6,Blue
80,10,222,Pink
209,132,9,Blue
220,56,158,Purple
41,24,99,Brown
221,101,222,Pink
227,129,117,Blue
19,236,37,Green
138,183,228,Brown
206,228,9,Green
203,16,183,Pink
101,222,74,Green
108,253,176,Green
25,197,124,Green
234,231,169,Blue
212,248,195,Green
233,110,159,Purple
38,90,187,Brown
233,251,177,Green
127,185,209,Brown
109,152,148,Green
227,24,13,Blue
11,251,34,Green
148,128,136,Purple
189,76,128,Purple
126,11,250,Pink
65,175,148,Green
139,70,100,Purple
175,187,222,Brown
15,207,6,Green
42,2,32,Purple
31,133,140,Green
75,138,196,Brown
140,103,170,Pink
158,3,129,Pink
94,135,178,Brown
164,43,79,Blue
4,205,234,Yellow
105,112,207,Pink
95,6,67,Purple
235,187,216,Purple
66,230,20,Green
41,88,3,Green
89,124,219,Orange
90,137,110,Green
98,127,168,Brown
185,30,79,Blue
248,238,54,Blue
224,82,42,Blue
95,4,128,Pink
95,119,170,Brown
110,250,2,Green
176,75,88,Blue
117,181,120,Green
187,224,65,Green
242,22,229,Pink
110,121,191,Brown
109,10,115,Purple
247,107,92,Blue
197,180,155,Blue
84,44,69,Purple
197,201,84,Green
18,34,7,Green
249,191,72,Blue
126,53,51,Blue
41,96,109,Brown
88,65,35,Blue
96,173,17,Green
189,158,165,Pink
50,221,153,Green
228,40,122,Purple
105,36,210,Pink
111,223,190,Green
253,244,120,Blue
229,244,207,Green
139,118,14,Blue
24,154,153,Green
249,237,198,Blue
184,97,146,Purple
27,176,35,Green
203,45,68,Blue
169,247,1,Green
56,90,67,Green
3,198,96,Green
10,237,152,Green
2,171,181,Yellow
133,23,122,Purple
95,47,186,Pink
166,58,229,Pink
150,85,69,Blue
11,107,131,Brown
161,192,55,Green
226,125,71,Blue
196,28,67,Blue
80,181,117,Green
186,185,229,Pink
120,120,120,Grey
18,74,29,Green
238,213,70,Blue
129,1,162,Pink
67,40,30,Purple
242,116,164,Purple
181,233,115,Green
8,4,76,Brown
184,190,101,Green
83,190,135,Green
88,228,72,Green
152,183,59,Green
85,222,235,Yellow
231,131,20,Blue
53,142,35,Green
147,49,230,Pink
192,150,78,Blue
220,121,157,Pink
75,53,147,Brown
209,149,6,Blue
227,239,123,Green
150,85,205,Pink
144,39,122,Purple
240,19,199,Pink
190,215,145,Green
63,60,31,Green
226,244,179,Green
186,220,219,Green
28,197,34,Green
32,190,168,Green
158,71,2,Blue
21,80,238,Orange
49,140,191,Brown
155,31,199,Pink
148,143,15,Blue
29,97,32,Green
186,77,43,Blue
84,11,60,Purple
254,86,26,Blue
152,66,105,Purple
94,221,174,Green
88,177,40,Green
180,174,189,Grey
154,175,8,Green
219,220,74,Blue
183,178,121,Grey
222,71,107,Purple
160,213,169,Green
86,240,229,Yellow
157,137,249,Pink
44,157,201,Brown
38,144,119,Green
226,229,188,Green
67,187,76,Green
249,52,221,Pink
91,233,174,Green
15,55,248,Red
150,28,174,Pink
98,205,191,Green
41,206,113,Green
190,33,210,Pink
224,246,159,Green
19,110,195,Brown
171,17,73,Blue
233,241,252,White
172,123,202,Pink
5,90,79,Green
113,112,205,Pink
226,248,125,Green
124,147,167,Grey
246,58,13,Blue
139,109,184,Pink
217,96,19,Blue
119,211,77,Green
74,176,87,Green
28,128,181,Brown
215,183,145,Blue
0,232,148,Green
174,159,23,Blue
125,232,122,Green
99,116,98,Grey
178,125,115,Purple
0,157,177,Yellow
121,249,12,Green
202,172,168,Purple
11,211,221,Yellow
58,247,114,Green
94,215,162,Green
246,184,128,Blue
204,7,2,Blue
159,109,182,Pink
240,87,51,Blue
61,36,35,Purple
92,253,163,Green
136,57,30,Blue
252,42,53,Blue
91,17,71,Purple
223,74,71,Blue
188,18,104,Purple
18,187,114,Green
23,115,203,Brown
43,93,230,Orange
41,221,147,Green
61,226,60,Green
201,95,80,Blue
61,152,223,Orange
42,46,59,Grey
45,144,156,Green
153,205,63,Green
185,115,197,Pink
130,130,130,Grey
94,128,231,Orange
24,89,20,Green
123,125,65,Green
218,146,143,Purple
194,155,46,Blue
233,177,193,Purple
9,34,242,Red
90,120,220,Red
126,45,240,Pink
197,222,20,Green
132,129,87,Blue
105,196,128,Green
208,141,234,Pink
77,248,189,Green
94,53,247,Pink
247,205,204,Purple
157,233,201,Green
222,13,94,Blue
187,187,183,Grey
42,148,87,Green
77,231,176,Green
11,142,195,Brown
117,111,1,Blue
103,132,195,Brown
191,227,66,Green
56,35,88,Brown
207,99,123,Purple
98,149,243,Orange
24,201,202,Yellow
190,8,48,Blue
20,127,221,Orange
72,206,240,Yellow
3,81,62,Green
229,19,5,Blue
59,37,135,Pink
122,229,43,Green
27,40,133,Brown
138,53,55,Blue
90,122,159,Brown
47,215,243,Yellow
184,128,56,Blue
223,29,60,Blue
80,194,25,Green
245,72,246,Pink
233,69,237,Pink
77,82,218,Red
229,136,211,Pink
75,13,19,Blue
11,142,141,Green
252,105,207,Pink
224,77,143,Purple
234,12,231,Pink
41,114,165,Brown
12,244,68,Green
233,7,204,Pink
189,3,235,Pink
5,55,169,Brown
19,235,110,Green
179,156,169,Grey
157,247,5,Green
91,10,150,Purple
22,58,95,Brown
214,215,83,Blue
240,14,69,Blue
219,18,72,Blue
214,239,166,Green
241,224,199,Blue
28,57,220,Orange
236,130,180,Purple
128,169,82,Green
169,173,239,Red
62,99,206,Orange
125,125,125,Grey
181,143,219,Pink
250,173,141,Blue
221,91,17,Blue
252,59,62,Blue
218,160,114,Blue
102,124,167,Brown
145,48,204,Pink
186,144,80,Blue
98,207,148,Green
39,112,186,Brown
222,70,151,Purple
67,198,111,Green
20,240,165,Green
38,227,220,Yellow
123,170,142,Green
23,80,245,Red
5,26,120,Brown
8,191,13,Green
248,0,101,Blue
197,251,56,Green
14,153,72,Green
92,69,180,Pink
249,75,203,Pink
152,103,34,Blue
6,71,179,Brown
239,74,39,Blue
1,106,95,Green
93,215,251,Yellow
31,51,140,Brown
132,57,209,Pink
135,137,46,Blue
92,1,173,Pink
229,6,1,Blue
21,76,101,Brown
7,123,133,Green
60,163,86,Green
198,61,239,Pink
63,145,110,Green
80,234,149,Green
215,158,83,Blue
156,165,170,Grey
215,71,173,Pink
45,150,170,Green
99,132,49,Green
211,208,114,Blue
154,239,236,Yellow
46,92,78,Green
40,171,252,Orange
1,129,162,Green
99,118,246,Orange
60,85,148,Brown
160,76,16,Blue
42,5,12,Blue
131,249,51,Green
202,233,128,Green
194,203,61,Green
95,26,217,Pink
80,51,71,Purple
159,127,61,Blue
65,67,13,Green
62,254,37,Green
164,139,139,Purple
74,67,139,Brown
2,37,137,Brown
179,31,232,Pink
109,193,126,Green
107,43,101,Purple
79,165,247,Orange
98,52,130,Purple
27,42,152,Brown
75,58,245,Red
212,249,4,Blue
104,127,19,Green
171,118,248,Pink
93,129,201,Brown
27,80,64,Green
188,102,254,Pink
228,25,205,Pink
52,157,196,Yellow
239,101,148,Purple
169,254,244,Yellow
52,49,169,Red
135,53,37,Blue
60,97,131,Brown
7,179,213,Yellow
203,25,246,Pink
142,78,70,Blue
129,248,140,Green
165,30,197,Pink
233,123,120,Blue
59,249,229,Yellow
160,78,172,Pink
231,204,26,Blue
7,153,161,Green
118,132,170,Brown
214,124,105,Blue
171,73,50,Blue
204,96,110,Blue
13,63,39,Green
16,219,209,Yellow
191,14,89,Blue
179,181,74,Green
246,156,178,Purple
112,160,225,Orange
87,41,120,Purple
154,139,228,Red
249,205,68,Blue
140,47,220,Pink
133,167,235,Orange
201,59,43,Blue
121,185,163,Green
202,96,138,Purple
125,57,202,Pink
85,179,59,Green
228,237,187,Green
137,39,92,Purple
34,101,174,Brown
198,27,8,Blue
31,125,80,Green
139,247,175,Green
74,31,85,Purple
144,0,134,Pink
98,199,9,Green
122,21,253,Pink
81,3,90,Purple
30,61,66,Green
214,236,22,Blue
103,233,83,Green
92,71,219,Red
150,192,119,Green
160,118,67,Blue
202,115,28,Blue
66,209,156,Green
18,134,155,Green
24,1,69,Pink
184,189,228,Red
59,60,205,Red
179,91,5,Blue
94,183,23,Green
41,178,97,Green
147,155,204,Red
68,223,123,Green
94,52,85,Purple
152,65,137,Purple
154,27,142,Purple
140,153,126,Grey
217,180,39,Blue
170,215,239,Yellow
153,188,45,Green
44,160,144,Green
120,111,44,Blue
207,227,42,Green
19,224,82,Green
67,143,48,Green
46,43,12,Blue
68,234,81,Green
15,150,248,Orange
78,245,184,Green
47,53,104,Brown
201,73,153,Pink
138,135,82,Blue
30,28,249,Red
147,2,152,Pink
149,107,188,Pink
112,162,211,Brown
203,133,239,Pink
95,32,215,Red
191,73,252,Pink
128,217,208,Green
158,90,217,Pink
41,131,32,Green
145,102,131,Purple
16,7,93,Brown
25,159,85,Green
208,35,252,Pink
105,252,114,Green
134,210,125,Green
55,37,58,Purple
227,178,67,Blue
131,45,195,Pink
251,2,244,Pink
107,9,45,Blue
186,121,119,Blue
21,90,233,Orange
32,211,189,Yellow
250,37,112,Purple
92,243,74,Green
142,241,195,Green
58,221,183,Green
166,244,152,Green
144,142,43,Blue
248,181,59,Blue
157,248,159,Green
15,73,131,Brown
65,84,232,Red
54,50,227,Red
161,165,195,Brown
25,162,151,Green
193,28,133,Purple
84,245,82,Green
30,93,186,Brown
98,126,237,Red
4,144,180,Green
83,74,165,Red
31,151,50,Green
243,194,62,Blue
88,105,181,Brown
133,155,76,Green
32,224,174,Green
58,251,143,Green
12,121,194,Orange
230,11,68,Blue
10,39,106,Brown
96,48,28,Blue
168,225,75,Green
115,101,45,Blue
9,252,153,Green
73,217,96,Green
71,75,47,Grey
28,236,226,Yellow
82,233,103,Green
144,11,18,Blue
194,137,65,Blue
169,244,164,Green
249,216,125,Blue
80,18,215,Red
20,74,87,Green
60,108,215,Orange
243,4,14,Blue
23,97,207,Orange
7,152,118,Green
246,68,87,Blue
50,75,171,Brown
71,227,33,Green
192,158,108,Blue
176,144,75,Blue
236,90,169,Pink
91,106,58,Green
204,84,165,Purple
34,20,89,Brown
164,122,238,Pink
136,239,69,Green
31,128,67,Green
179,125,201,Green
183,66,226,Pink
185,68,210,Pink
208,16,31,Blue
152,105,105,Blue
249,225,171,Blue
219,80,217,Pink
17,18,89,Brown
42,11,122,Red
128,62,240,Red
222,98,183,Purple
15,248,181,Green
166,158,185,Grey
10,211,165,Green
123,126,174,Brown
169,20,245,Pink
218,185,206,Blue
36,20,144,Red
148,227,234,Yellow
66,45,237,Red
42,176,117,Green
23,229,105,Green
32,176,199,Yellow
249,241,144,Blue
165,252,15,Green
102,87,133,Purple
115,253,0,Green
106,5,134,Purple
140,166,150,Green
100,118,209,Orange
23,141,107,Green
154,224,214,Green
210,141,76,Blue
55,9,167,Red
175,140,1,Blue
10,166,203,Yellow
182,108,37,Blue
85,20,34,Blue
92,229,252,Yellow
8,11,136,Red
125,210,71,Green
132,221,122,Green
161,64,253,Pink
249,229,16,Blue
89,162,206,Brown
24,196,226,Yellow
148,53,228,Pink
64,11,45,Purple
63,184,79,Green
151,30,34,Blue
171,50,192,Pink
162,112,237,Pink
225,169,85,Blue
246,100,103,Blue
59,81,36,Green
59,224,67,Green
85,202,130,Green
18,82,61,Green
190,118,251,Pink
138,70,196,Pink
212,110,167,Purple
154,74,57,Blue
247,216,45,Blue
204,78,252,Pink
173,57,177,Purple
107,136,108,Green
41,143,8,Green
243,122,41,Blue
85,237,241,Yellow
57,219,88,Green
119,61,182,Pink
100,118,54,Green
188,10,67,Blue
201,99,87,Blue
138,145,214,Red
11,181,7,Green
184,193,2,Blue
64,189,208,Yellow
244,93,98,Blue
9,60,76,Brown
48,169,217,Yellow
191,240,171,Green
168,17,187,Pink
84,107,155,Brown
2,69,197,Orange
158,64,237,Pink
237,189,67,Blue
147,61,248,Pink
114,103,16,Blue
47,65,174,Red
246,92,244,Pink
178,108,94,Blue
4,249,198,Yellow
234,218,226,Grey
20,139,69,Green
197,85,19,Blue
191,204,249,Orange
56,200,197,Green
138,16,12,Blue
212,61,161,Purple
215,36,34,Blue
191,16,107,Purple
130,187,70,Green
172,209,40,Green
204,92,51,Blue
182,38,187,Pink
28,96,135,Brown
250,125,5,Blue
38,248,11,Green
214,253,33,Green
115,245,185,Green
28,253,118,Green
214,76,20,Blue
5,180,247,Orange
200,126,100,Blue
198,156,235,Pink
223,104,230,Pink
249,181,223,Purple
133,133,133,Grey
0,123,32,Green
149,2,17,Blue
16,129,45,Green
11,242,242,Yellow
20,57,33,Green
3,29,110,Brown
9,221,36,Green
78,250,65,Green
121,121,121,Grey
227,209,166,Blue
253,234,231,Purple
134,31,72,Purple
234,206,210,Purple
144,94,3,Blue
97,219,62,Green
94,161,16,Green
30,146,153,Green
195,116,245,Pink
125,232,144,Green
153,35,218,Pink
51,163,250,Orange
125,147,21,Green
99,254,58,Green
68,66,137,Brown
91,39,80,Purple
92,39,35,Purple
68,144,65,Green
14,179,100,Green
140,168,38,Green
105,212,156,Green
113,37,44,Blue
240,51,137,Purple
217,29,158,Pink
158,158,158,Grey
15,236,192,Yellow
254,61,30,Blue
50,218,88,Green
158,123,187,Pink
207,130,80,Blue
55,166,187,Yellow
172,186,38,Blue
62,203,167,Green
125,200,76,Green
44,8,44,Purple
174,159,234,Red
28,114,224,Orange
230,33,1,Blue
127,156,8,Green
186,37,144,Purple
142,229,166,Green
123,153,154,Grey
215,22,8,Blue
91,152,67,Green
181,112,43,Blue
214,84,228,Pink
117,239,74,Green
13,74,47,Green
77,184,244,Orange
50,8,164,Red
229,93,186,Pink
11,172,221,Orange
19,13,191,Red
168,231,139,Green
144,23,86,Purple
124,161,73,Green
35,79,61,Green
52,28,192,Red
138,115,185,Pink
250,104,94,Blue
182,218,72,Green
217,247,164,Green
242,71,184,Purple
185,85,241,Pink
80,200,222,Yellow
202,132,31,Blue
12,135,87,Green
201,245,44,Green
202,45,212,Pink
33,113,204,Orange
251,204,197,Blue
210,29,82,Blue
173,31,182,Pink
225,43,0,Blue
54,246,108,Green
229,130,210,Purple
134,57,80,Purple
221,32,76,Blue
22,109,63,Green
44,148,42,Green
66,223,90,Green
202,74,237,Pink
220,128,3,Blue
58,57,248,Red
15,143,65,Green
200,190,122,Blue
246,176,148,Blue
113,47,216,Red
171,20,24,Blue
143,122,137,Grey
51,98,29,Green
172,177,45,Blue
94,137,114,Green
164,67,63,Blue
163,80,250,Pink
1,243,34,Green
106,247,22,Green
238,249,19,Blue
4,224,235,Yellow
246,29,219,Pink
109,158,97,Green
207,27,66,Blue
14,108,38,Green
140,175,36,Green
49,78,166,Brown
210,74,18,Blue
107,202,178,Green
98,75,108,Purple
212,44,218,Pink
121,249,61,Green
184,43,119,Purple
29,254,168,Green
72,44,244,Red
55,166,52,Green
76,106,121,Grey
192,19,218,Pink
229,184,85,Blue
54,176,76,Green
158,173,103,Green
7,96,165,Brown
37,176,241,Orange
162,151,176,Purple
26,103,31,Green
152,120,42,Blue
198,175,102,Blue
29,196,14,Green
35,147,35,Green
15,67,39,Green
60,147,119,Green
181,48,143,Pink
241,186,12,Blue
243,80,21,Blue
20,90,102,Brown
50,211,242,Yellow
238,66,4,Blue
20,224,134,Green
214,58,183,Pink
152,64,92,Purple
252,43,68,Blue
233,44,75,Blue
47,8,95,Pink
104,108,179,Red
88,21,38,Blue
160,111,180,Purple
192,30,218,Pink
71,32,177,Red
219,210,243,Red
198,224,155,Green
78,254,39,Green
49,49,28,Green
239,61,179,Pink
88,83,38,Green
204,88,168,Purple
214,83,253,Pink
248,22,33,Blue
154,91,223,Pink
245,206,6,Blue
210,33,220,Pink
12,188,204,Yellow
30,153,67,Green
16,9,6,Black
120,137,206,Brown
125,43,202,Pink
212,150,50,Blue
95,77,3,Blue
240,195,161,Blue
190,29,192,Pink
98,50,245,Red
126,136,217,Brown
150,93,137,Purple
250,249,58,Blue
201,95,131,Purple
160,246,43,Green
124,205,15,Green
120,39,225,Pink
46,215,208,Yellow
152,68,29,Blue
80,123,53,Green
110,159,44,Green
127,217,98,Green
133,215,227,Yellow
81,38,182,Red
3,203,27,Green
23,108,199,Orange
178,215,201,Green
42,202,218,Yellow
56,30,158,Red
78,116,220,Orange
44,235,225,Yellow
246,200,80,Blue
65,152,18,Green
182,71,167,Pink
39,184,202,Yellow
156,238,245,Yellow
37,145,109,Green
121,88,15,Blue
250,181,128,Blue
169,184,117,Green
220,131,190,Pink
132,129,15,Green
132,214,30,Green
41,135,228,Orange
98,126,224,Brown
26,28,207,Red
134,36,21,Blue
164,51,23,Blue
52,88,34,Green
2,15,68,Brown
186,217,90,Green
132,57,212,Pink
42,136,154,Green
71,179,106,Green
30,133,95,Green
217,131,1,Blue
48,111,56,Green
66,88,232,Red
61,80,105,Brown
36,76,130,Brown
212,250,94,Green
138,167,252,Orange
190,96,253,Pink
254,212,136,Blue
1,188,174,Green
146,136,227,Red
217,237,107,Blue
111,121,26,Green
207,30,122,Purple
45,77,13,Green
179,222,38,Green
220,24,167,Purple
154,20,90,Purple
69,139,104,Green
33,139,10,Green
211,19,172,Purple
15,205,196,Yellow
143,223,16,Green
176,176,176,Grey
34,47,105,Brown
176,5,70,Blue
4,144,236,Orange
25,177,208,Yellow
77,131,48,Green
152,188,229,Brown
176,30,64,Blue
86,159,125,Green
83,236,161,Green
64,191,210,Yellow
183,17,33,Blue
34,34,245,Red
19,108,170,Brown
231,167,213,Purple
84,211,198,Green
6,188,204,Yellow
222,89,80,Blue
86,89,26,Green
192,61,98,Purple
107,101,82,Grey
118,171,102,Green
170,99,138,Purple
159,253,4,Green
192,158,251,Pink
163,150,162,Grey
227,139,83,Blue
150,250,163,Green
239,126,40,Blue
128,224,100,Green
254,172,236,Pink
245,75,242,Pink
1,5,41,Brown
134,71,30,Blue
54,0,127,Pink
242,237,207,Blue
19,105,89,Green
204,236,192,Green
37,252,54,Green
33,195,42,Green
51,191,41,Green
33,22,179,Red
78,234,247,Yellow
4,229,141,Green
145,237,253,Yellow
242,202,123,Blue
80,46,27,Blue
17,196,206,Yellow
12,2,130,Red
161,101,84,Blue
176,80,180,Pink
205,16,135,Purple
67,171,53,Green
171,51,21,Blue
120,77,158,Purple
19,159,138,Green
25,209,23,Green
175,46,134,Purple
38,218,54,Green
233,55,199,Pink
125,86,72,Blue
51,130,129,Green
25,99,29,Green
148,57,156,Purple
40,11,125,Red
193,183,188,Grey
74,126,234,Orange
224,79,77,Blue
15,174,167,Green
198,160,59,Blue
187,93,220,Pink
200,127,245,Pink
79,245,42,Green
93,179,82,Green
115,82,94,Purple
209,248,111,Green
78,201,211,Yellow
156,130,83,Blue
157,83,65,Blue
200,40,53,Blue
8,150,246,Orange
39,58,205,Red
113,253,5,Green
57,243,191,Green
166,58,248,Pink
121,136,108,Grey
253,131,168,Purple
197,81,226,Pink
91,193,29,Green
241,245,95,Blue
61,43,215,Red
242,40,194,Pink
84,88,229,Red
21,152,112,Green
19,12,83,Brown
223,24,240,Pink
68,4,103,Purple
20,122,52,Green
224,106,119,Blue
168,67,51,Blue
196,27,129,Purple
183,178,128,Blue
88,254,59,Green
170,225,123,Green
191,89,221,Pink
139,165,106,Green
159,22,13,Blue
107,217,81,Green
168,133,244,Pink
217,105,37,Blue
42,26,141,Red
49,182,117,Green
229,173,63,Blue
143,165,56,Green
131,31,78,Purple
178,85,209,Pink
24,148,16,Green
217,33,186,Pink
78,191,40,Green
11,109,49,Green
219,111,84,Blue
148,75,106,Purple
70,129,227,Orange
6,3,94,Brown
242,71,200,Pink
67,194,184,Yellow
75,140,143,Green
25,228,166,Green
6,61,44,Green
93,165,111,Green
203,166,135,Blue
18,2,213,Red
211,247,208,Green
180,242,62,Green
123,144,40,Green
214,117,189,Pink
22,156,100,Green
48,125,76,Green
70,121,59,Green
140,37,186,Pink
186,146,13,Blue
156,205,152,Green
92,98,188,Red
70,95,196,Brown
78,173,60,Green
84,26,71,Purple
231,117,75,Blue
35,34,215,Red
17,152,222,Orange
242,53,93,Blue
25,58,102,Brown
227,241,176,Green
118,150,102,Green
188,252,66,Green
179,243,107,Green
159,180,63,Green
221,244,98,Green
158,24,110,Purple
216,178,208,Purple
250,89,183,Purple
168,138,167,Purple
149,9,126,Purple
215,22,84,Blue
133,70,90,Blue
185,36,66,Blue
248,66,214,Pink
240,101,235,Pink
31,217,231,Yellow
110,237,51,Green
41,129,251,Orange
135,11,219,Pink
234,161,30,Blue
238,64,14,Blue
244,197,182,Blue
48,25,146,Red
49,30,31,Black
28,251,55,Green
5,2,76,Brown
219,228,123,Blue
114,31,17,Blue
121,170,144,Green
51,50,8,Green
60,6,159,Red
148,139,140,Grey
88,90,218,Red
160,224,180,Green
159,65,172,Purple
177,203,27,Green
91,3,17,Blue
124,203,77,Green
144,185,122,Green
174,64,76,Blue
18,87,223,Orange
95,10,15,Blue
82,31,219,Red
139,226,25,Green
223,49,62,Blue
143,97,88,Blue
65,189,20,Green
62,19,217,Red
74,112,102,Green
125,24,128,Purple
33,233,203,Yellow
170,105,159,Purple
7,201,73,Green
31,136,173,Brown
229,17,137,Purple
224,145,69,Blue
230,198,2,Blue
75,4,227,Red
238,235,210,Blue
200,41,42,Blue
118,12,109,Purple
120,209,69,Green
224,169,158,Purple
20,1,193,Red
46,120,190,Brown
97,95,80,Grey
29,49,199,Red
12,127,77,Green
254,184,188,Purple
82,216,130,Green
101,161,121,Green
77,130,26,Green
239,8,57,Blue
2,52,32,Green
228,71,74,Blue
50,205,235,Yellow
6,167,6,Green
64,142,71,Green
127,29,190,Pink
125,121,66,Grey
116,10,74,Purple
49,217,104,Green
135,138,169,Brown
67,238,80,Green
224,207,116,Blue
17,102,253,Orange
96,166,43,Green
133,59,221,Pink
83,170,200,Brown
84,138,240,Orange
137,58,65,Blue
88,41,29,Blue
188,90,248,Pink
231,115,250,Pink
9,251,60,Green
185,242,95,Green
16,89,224,Orange
105,185,8,Green
187,244,24,Green
131,233,209,Green
186,60,3,Blue
240,14,187,Purple
236,128,234,Pink
156,181,121,Green
14,154,117,Green
106,10,154,Purple
184,111,247,Pink
47,81,33,Green
179,182,166,Grey
124,87,221,Pink
200,244,217,Green
50,36,156,Red
168,91,163,Purple
23,215,188,Green
46,18,220,Red
206,176,8,Blue
78,223,40,Green
163,247,129,Green
141,16,57,Blue
108,231,167,Green
223,231,99,Blue
107,251,46,Green
140,116,3,Blue
217,211,243,Pink
236,141,151,Purple
239,230,212,Grey
167,21,117,Purple
211,99,128,Purple
193,119,241,Pink
58,198,155,Green
121,70,133,Purple
144,235,95,Green
177,207,187,Green
208,116,78,Blue
98,140,163,Brown
110,109,94,Grey
140,80,93,Purple
207,29,200,Pink
123,220,87,Green
63,25,180,Red
62,210,117,Green
235,61,219,Pink
85,79,241,Red
81,1,105,Purple
6,110,237,Orange
144,237,130,Green
8,108,79,Green
162,50,54,Blue
46,139,211,Orange
80,54,187,Red
178,111,88,Blue
180,66,3,Blue
41,67,170,Brown
156,35,13,Blue
19,81,247,Orange
219,180,84,Blue
174,17,246,Pink
156,53,153,Purple
231,182,81,Blue
187,76,100,Purple
149,65,194,Pink
209,12,33,Blue
220,125,61,Blue
211,147,34,Blue
248,253,119,Blue
229,4,183,Purple
140,15,215,Pink
122,49,38,Blue
210,231,222,Green
147,146,234,Red
42,220,222,Yellow
57,232,207,Green
127,231,52,Green
236,211,51,Blue
87,193,102,Green
254,189,144,Blue
208,41,19,Blue
38,19,151,Red
243,39,108,Purple
114,171,201,Brown
175,191,56,Green
144,58,153,Purple
115,141,166,Brown
240,39,66,Blue
157,101,67,Blue
77,37,142,Red
154,193,162,Green
107,3,210,Pink
242,8,239,Pink
76,205,246,Yellow
123,190,100,Green
145,22,11,Blue
238,180,253,Pink
109,190,42,Green
116,179,36,Green
147,218,86,Green
197,170,228,Pink
225,9,178,Purple
189,6,155,Purple
221,205,112,Blue
139,87,215,Pink
126,123,72,Green
108,80,243,Red
79,80,121,Brown
74,40,191,Red
25,58,182,Brown
210,131,98,Blue
88,0,41,Blue
9,14,165,Brown
156,193,123,Green
219,218,60,Blue
49,115,243,Orange
55,8,6,Blue
105,40,223,Pink
196,245,133,Green
233,31,124,Blue
53,8,57,Purple
254,2,45,Blue
138,158,243,Red
78,180,149,Green
155,254,2,Green
151,240,45,Green
159,50,239,Pink
93,178,161,Green
239,103,167,Purple
9,134,98,Green
218,222,180,Green
147,99,214,Pink
248,176,77,Blue
59,228,154,Green
233,15,38,Blue
51,26,30,Black
189,79,184,Purple
209,220,119,Blue
167,192,212,Brown
101,107,113,Grey
243,149,216,Pink
193,178,137,Blue
69,10,167,Red
8,157,5,Green
143,110,152,Purple
139,99,207,Pink
0,207,206,Yellow
220,161,17,Blue
62,145,68,Green
238,220,222,Purple
234,185,70,Blue
154,254,160,Green
27,59,12,Green
229,91,72,Blue
92,222,114,Green
182,57,5,Blue
168,82,242,Pink
14,240,8,Green
98,226,147,Green
93,232,159,Green
219,188,69,Blue
94,194,6,Green
2,30,31,Brown
209,183,22,Blue
207,3,134,Purple
113,172,165,Green
4,39,218,Red
152,105,83,Blue
201,158,225,Pink
177,65,87,Blue
87,157,23,Green
141,30,124,Purple
168,51,202,Pink
138,58,129,Purple
149,89,177,Purple
209,52,75,Blue
241,170,151,Blue
174,78,8,Blue
96,209,239,Yellow
31,210,190,Green
232,243,117,Blue
2,99,241,Orange
250,93,172,Purple
245,61,102,Blue
164,39,42,Blue
100,8,126,Purple
215,182,96,Blue
69,196,186,Green
92,124,165,Brown
243,85,220,Pink
57,117,96,Green
103,151,177,Brown
79,45,18,Blue
6,197,110,Green
49,7,95,Purple
233,78,150,Purple
196,183,244,Pink
127,75,40,Blue
119,181,107,Green
128,212,176,Green
249,233,63,Blue
56,5,84,Purple
150,67,28,Blue
153,75,88,Blue
242,34,203,Pink
50,93,241,Orange
20,98,249,Orange
194,86,155,Purple
87,93,180,Brown
91,76,238,Red
86,153,133,Green
249,85,221,Pink
132,140,98,Green
33,212,176,Green
215,109,185,Purple
144,154,10,Green
64,220,18,Green
11,113,22,Green
229,232,133,Blue
132,246,160,Green
96,24,180,Pink
93,140,23,Green
149,111,182,Purple
115,171,44,Green
59,72,185,Brown
74,79,11,Green
108,43,152,Purple
65,134,73,Green
196,76,49,Blue
112,172,171,Green
35,142,178,Green
67,42,186,Red
230,231,61,Blue
92,67,9,Blue
121,162,122,Green
190,113,50,Blue
240,250,227,Green
111,2,131,Purple
205,93,181,Purple
174,44,63,Blue
181,117,134,Purple
182,61,222,Pink
87,14,230,Red
20,228,26,Green
107,213,246,Yellow
85,106,95,Grey
118,90,209,Pink
50,192,18,Green
165,144,106,Grey
47,222,94,Green
188,246,185,Green
242,84,17,Blue
249,173,155,Blue
30,168,79,Green
156,130,213,Pink
217,145,78,Blue
66,146,117,Green
213,178,9,Blue
70,240,185,Green
124,87,130,Purple
229,59,23,Blue
152,172,23,Green
28,53,136,Brown
4,9,28,Brown
66,223,192,Yellow
166,164,211,Pink
124,48,56,Blue
72,129,81,Green
77,252,57,Green
7,167,137,Green
36,55,98,Brown
1,36,105,Brown
164,243,126,Green
253,18,248,Pink
143,171,137,Green
109,61,109,Purple
253,61,204,Pink
244,244,141,Blue
95,205,53,Green
126,141,247,Red
100,80,236,Red
176,58,54,Blue
99,119,55,Green
55,100,54,Green
238,231,72,Blue
88,36,88,Purple
242,98,245,Pink
121,246,118,Green
213,79,203,Purple
195,39,70,Blue
67,97,48,Green
186,63,223,Pink
177,249,240,Yellow
46,0,93,Brown
238,206,17,Blue
126,22,96,Purple
184,228,72,Green
244,158,112,Blue
32,23,127,Brown
7,235,201,Yellow
104,21,128,Purple
217,26,44,Blue
243,97,77,Blue
205,24,89,Blue
215,64,102,Blue
246,228,249,Pink
220,43,164,Purple
30,75,176,Brown
190,75,106,Purple
227,223,108,Blue
1,239,150,Green
231,89,207,Pink
239,149,19,Blue
30,100,7,Green
120,137,205,Brown
145,196,26,Green
236,237,164,Blue
100,82,153,Brown
5,65,138,Brown
81,26,185,Red
237,70,141,Purple
211,149,19,Blue
248,233,189,Blue
96,174,132,Green
11,146,213,Orange
253,213,130,Blue
102,132,3,Green
158,201,174,Green
57,66,43,Green
125,64,174,Pink
46,23,188,Red
88,22,238,Red
220,150,52,Blue
150,234,194,Green
37,227,26,Green
80,115,44,Green
22,135,198,Orange
238,186,40,Blue
112,70,226,Red
31,170,208,Yellow
208,157,80,Blue
253,144,48,Blue
44,166,120,Green
89,175,109,Green
223,89,23,Blue
31,129,116,Green
107,47,207,Pink
80,147,226,Orange
178,19,195,Pink
188,126,118,Blue
93,129,131,Brown
175,11,252,Pink
131,31,16,Blue
109,23,150,Purple
164,24,154,Purple
92,154,2,Green
108,201,136,Green
86,94,17,Green
226,196,170,Blue
185,246,242,Yellow
24,161,130,Green
73,188,122,Green
146,37,17,Blue
39,161,95,Green
167,230,108,Green
125,137,125,Grey
213,209,15,Blue
112,60,161,Purple
224,18,79,Blue
75,192,98,Green
105,18,114,Purple
123,133,95,Grey
202,153,143,Blue
186,124,217,Pink
28,117,251,Orange
242,20,65,Blue
178,213,224,Grey
91,83,23,Blue
184,244,81,Green
70,172,176,Green
139,198,187,Green
162,160,52,Green
171,147,245,Pink
71,139,46,Green
141,184,230,Brown
116,143,169,Brown
118,207,54,Green
42,98,117,Brown
149,25,232,Pink
2,254,121,Green
44,17,105,Brown
168,244,53,Green
120,110,106,Grey
219,5,65,Blue
128,221,125,Green
70,24,85,Purple
86,57,231,Red
168,150,158,Grey
55,138,174,Brown
45,10,222,Red
191,55,4,Blue
191,127,200,Pink
68,132,1,Green
121,91,244,Red
48,156,80,Green
57,217,192,Green
186,210,244,Orange
80,160,46,Green
169,252,165,Green
145,114,182,Purple
129,25,136,Purple
8,22,226,Red
14,161,52,Green
150,84,238,Pink
130,146,154,Grey
233,48,138,Purple
34,134,65,Green
36,223,5,Green
165,160,93,Blue
200,0,234,Pink
0,102,68,Green
62,237,87,Green
196,143,160,Purple
238,39,44,Blue
135,110,167,Purple
158,112,219,Pink
115,215,128,Green
26,137,141,Green
168,176,154,Grey
156,65,95,Purple
175,97,123,Purple
101,201,223,Yellow
228,233,29,Blue
210,183,65,Blue
81,37,136,Purple
64,92,107,Brown
104,127,69,Green
250,14,144,Purple
61,192,62,Green
72,213,148,Green
90,169,122,Green
123,33,151,Purple
64,144,243,Orange
102,216,70,Green
26,179,238,Yellow
164,136,90,Blue
58,10,169,Red
215,92,198,Pink
200,99,178,Purple
219,243,187,Green
91,162,171,Green
204,63,39,Blue
44,189,166,Green
234,57,165,Purple
210,207,228,Grey
188,108,156,Purple
137,236,52,Green
62,231,87,Green
182,118,122,Blue
130,2,151,Purple
84,41,225,Red
222,67,245,Pink
193,151,77,Blue
46,134,190,Brown
193,20,34,Blue
39,219,72,Green
139,74,52,Blue
203,223,27,Blue
10,154,73,Green
67,61,193,Red
191,82,162,Purple
181,76,200,Pink
245,137,198,Purple
86,143,23,Green
20,252,140,Green
92,202,171,Green
112,171,92,Green
94,77,83,Grey
78,211,106,Green
242,4,162,Purple
89,30,172,Red
192,175,147,Grey
44,227,87,Green
74,26,28,Blue
158,149,71,Blue
184,138,70,Blue
59,235,117,Green
164,207,103,Green
227,165,184,Purple
78,226,227,Yellow
177,170,149,Grey
213,210,50,Blue
167,159,55,Blue
146,139,46,Blue
69,25,203,Red
86,208,65,Green
229,20,139,Purple
33,220,45,Green
108,113,40,Green
159,228,170,Green
237,240,170,Blue
217,132,46,Blue
42,177,167,Yellow
214,187,224,Pink
158,192,20,Green
134,91,74,Blue
21,72,137,Brown
182,225,88,Green
87,247,66,Green
173,83,246,Pink
254,107,216,Pink
245,145,159,Blue
184,2,123,Purple
165,15,69,Blue
27,109,129,Brown
15,169,93,Green
15,59,162,Brown
135,253,216,Yellow
2,154,159,Green
66,122,170,Brown
234,157,198,Purple
1,37,216,Red
11,88,78,Green
232,141,243,Pink
27,207,176,Green
244,146,75,Blue
210,187,92,Blue
185,228,178,Green
51,240,181,Green
43,227,54,Green
43,76,150,Brown
141,54,60,Blue
201,241,248,Yellow
88,28,84,Purple
244,86,230,Pink
242,85,189,Purple
90,163,142,Green
144,225,23,Green
162,179,219,Brown
24,157,213,Orange
118,241,179,Green
139,56,49,Blue
216,43,74,Blue
215,237,102,Blue
50,4,105,Brown
176,90,89,Blue
98,24,54,Blue
56,224,38,Green
30,248,206,Green
19,185,158,Green
63,116,221,Orange
40,212,9,Green
202,49,184,Purple
189,189,223,Grey
178,219,74,Green
76,208,52,Green
71,244,157,Green
216,209,254,Pink
240,196,122,Blue
205,157,223,Purple
176,18,34,Blue
226,89,54,Blue
230,194,99,Blue
186,248,137,Green
81,49,66,Black
7,165,235,Orange
127,187,201,Grey
70,233,228,Yellow
242,159,6,Blue
86,25,81,Purple
33,239,112,Green
34,219,131,Green
31,57,120,Brown
239,135,29,Blue
132,247,213,Green
173,98,185,Pink
213,156,150,Blue
193,121,180,Purple
187,200,189,Grey
39,162,247,Orange
207,4,25,Blue
38,166,56,Green
59,209,29,Green
211,201,29,Blue
71,186,190,Green
128,138,119,Grey
121,168,202,Brown
52,248,86,Green
249,216,62,Blue
27,144,215,Orange
144,131,77,Blue
240,117,25,Blue
141,51,40,Blue
163,121,225,Pink
2,156,157,Green
217,81,129,Purple
253,188,154,Blue
89,152,16,Green
187,115,52,Blue
243,129,95,Blue
187,178,164,Grey
8,95,96,Green
5,135,83,Green
76,44,98,Purple
147,181,132,Green
187,213,158,Green
160,116,90,Blue
73,137,160,Brown
211,22,73,Blue
24,30,91,Brown
35,50,202,Red
102,8,23,Blue
51,16,220,Red
249,30,22,Blue
222,17,168,Purple
80,24,169,Red
38,209,57,Green
2,1,55,Brown
69,53,127,Brown
32,24,114,Brown
207,98,193,Pink
6,134,88,Green
238,141,110,Blue
165,172,85,Green
187,17,144,Purple
29,28,40,Black
198,16,197,Purple
204,250,239,Yellow
242,233,167,Blue
104,56,84,Purple
206,230,34,Blue
123,131,174,Brown
242,18,23,Blue
129,33,254,Pink
98,198,107,Green
80,118,147,Brown
243,124,170,Purple
172,151,252,Pink
117,186,127,Green
100,166,64,Green
236,211,202,Grey
197,208,134,Green
154,8,83,Blue
16,125,0,Green
182,121,223,Pink
190,124,166,Purple
210,212,154,Blue
226,81,122,Purple
40,230,139,Green
27,159,60,Green
131,145,219,Orange
149,152,37,Blue
236,118,98,Blue
117,69,235,Pink
36,55,150,Brown
173,244,39,Green
40,9,169,Red
27,144,253,Orange
215,138,106,Blue
202,199,110,Green
164,165,253,Red
99,224,20,Green
236,177,90,Blue
90,12,57,Purple
153,249,118,Green
57,221,42,Green
35,246,16,Green
91,73,60,Grey
180,17,205,Purple
56,169,213,Yellow
80,164,146,Green
42,76,86,Brown
200,6,193,Pink
166,151,149,Grey
106,86,127,Brown
57,48,109,Brown
13,147,20,Green
247,112,13,Blue
23,34,22,Black
226,172,37,Blue
34,234,47,Green
202,218,122,Green
6,142,96,Green
177,190,148,Grey
241,39,120,Purple
113,82,74,Grey
62,4,44,Purple
203,124,154,Purple
21,12,154,Red
154,88,209,Pink
119,187,96,Green
113,118,145,Brown
228,204,148,Blue
197,15,203,Pink
188,135,66,Blue
155,209,94,Green
210,59,83,Blue
174,122,6,Blue
63,144,20,Green
157,180,73,Green
173,31,194,Pink
185,109,214,Pink
212,240,232,White
201,237,39,Green
190,92,109,Purple
45,30,141,Brown
126,230,205,Yellow
182,32,229,Pink
53,214,111,Green
125,209,178,Green
70,94,44,Green
225,202,182,Grey
86,228,119,Green
175,9,184,Purple
198,178,126,Blue
32,36,60,Brown
24,228,159,Green
15,134,218,Orange
6,219,48,Green
162,83,72,Blue
194,233,118,Green
201,76,127,Purple
177,136,63,Blue
43,194,29,Green
68,51,248,Red
90,51,14,Blue
65,109,117,Grey
146,164,137,Grey
56,186,240,Orange
59,206,166,Green
103,220,158,Green
106,87,151,Brown
128,23,23,Blue
114,218,122,Green
10,64,1,Green
204,194,162,Grey
242,220,105,Blue
207,122,218,Pink
212,78,14,Blue
161,213,157,Green
21,179,38,Green
9,65,57,Green
76,197,33,Green
192,34,105,Purple
162,41,130,Purple
148,39,186,Pink
35,236,86,Green
104,242,229,Yellow
91,166,159,Green
150,172,2,Blue
116,182,121,Green
116,188,221,Yellow
112,78,42,Blue
240,209,109,Blue
21,54,163,Brown
199,34,86,Blue
212,192,142,Blue
150,198,252,Orange
153,132,144,Grey
12,46,77,Brown
173,246,58,Green
55,64,228,Red
18,231,60,Green
233,99,55,Blue
205,206,113,Blue
26,230,42,Green
79,82,8,Green
220,243,72,Green
191,139,150,Purple
178,99,146,Purple
141,214,187,Green
149,143,226,Red
201,100,103,Blue
97,130,141,Grey
168,159,252,Red
95,170,253,Orange
117,63,191,Pink
2,161,216,Yellow
203,203,208,Grey
246,229,16,Blue
159,242,89,Green
155,145,56,Blue
248,186,57,Blue
188,22,119,Purple
84,7,83,Purple
96,119,216,Orange
225,58,219,Pink
44,52,185,Red
4,117,109,Green
65,136,157,Brown
23,210,218,Yellow
217,97,162,Purple
8,113,38,Green
70,222,83,Green
89,22,94,Purple
13,46,179,Red
210,52,222,Pink
223,34,19,Blue
236,186,121,Blue
45,182,23,Green
53,188,244,Orange
44,188,252,Orange
72,53,140,Brown
167,122,213,Pink
155,61,42,Blue
47,86,28,Green
248,27,182,Purple
69,90,195,Brown
12,65,205,Red
135,72,38,Blue
167,18,93,Purple
232,112,190,Pink
252,188,254,Pink
217,68,76,Blue
4,44,229,Red
52,231,18,Green
45,163,42,Green
161,40,203,Purple
55,87,181,Brown
175,83,132,Purple
173,225,189,Green
222,236,137,Green
238,68,5,Blue
128,170,99,Green
195,230,15,Green
72,45,110,Brown
69,95,90,Grey
58,195,149,Green
5,176,151,Green
251,57,29,Blue
79,117,122,Grey
217,4,252,Pink
250,69,188,Purple
66,135,199,Brown
65,94,162,Brown
102,21,180,Pink
90,47,12,Blue
78,139,4,Green
203,166,37,Blue
198,13,103,Purple
126,232,63,Green
129,236,62,Green
124,39,124,Purple
186,227,97,Green
93,15,166,Pink
94,177,72,Green
218,205,221,Grey
91,188,9,Green
214,227,100,Blue
38,253,235,Yellow
132,248,105,Green
225,184,114,Blue
134,107,172,Brown
239,148,95,Blue
249,144,21,Blue
114,169,121,Green
53,133,135,Green
115,11,28,Blue
68,73,185,Red
187,195,150,Grey
174,185,121,Green
248,201,46,Blue
225,251,24,Green
112,35,128,Purple
219,90,227,Pink
193,173,118,Blue
22,62,84,Brown
206,79,109,Purple
141,238,174,Green
222,216,129,Blue
195,7,24,Blue
253,42,48,Blue
128,73,70,Blue
36,127,125,Green
206,243,112,Green
112,223,222,Yellow
98,153,235,Orange
155,201,162,Green
23,90,150,Brown
26,210,149,Green
185,103,113,Purple
145,117,233,Pink
202,175,112,Blue
217,20,102,Blue
137,56,128,Purple
48,135,30,Green
113,46,239,Red
138,82,202,Pink
11,222,244,Yellow
22,35,24,Black
229,175,67,Blue
162,133,105,Grey
99,77,189,Red
65,14,168,Red
139,60,175,Purple
137,198,249,Orange
99,113,145,Brown
249,40,110,Blue
19,110,132,Green
198,211,33,Green
178,68,56,Blue
139,204,128,Green
252,209,208,Blue
205,230,219,Grey
223,206,61,Blue
8,7,180,Red
221,169,86,Blue
5,49,55,Brown
97,67,21,Blue
176,46,229,Pink
58,37,9,Black
132,35,90,Purple
182,167,235,Pink
139,202,189,Green
184,214,173,Green
103,2,33,Blue
199,164,199,Purple
35,50,106,Brown
122,214,163,Green
148,105,174,Purple
49,159,138,Green
23,158,129,Green
207,148,228,Pink
240,146,245,Pink
14,16,186,Red
168,89,190,Pink
116,54,114,Purple
166,216,83,Green
227,76,61,Blue
98,215,178,Green
142,115,63,Blue
17,59,254,Orange
149,105,157,Purple
231,53,131,Purple
89,20,91,Purple
212,24,103,Blue
84,178,116,Green
51,176,59,Green
131,83,44,Blue
68,253,131,Green
112,187,179,Green
247,131,86,Blue
173,170,162,Grey
54,227,129,Green
180,241,22,Green
174,155,45,Blue
253,216,64,Blue
122,2,155,Purple
167,100,238,Pink
12,37,240,Red
191,238,135,Green
28,187,1,Green
167,85,70,Blue
48,5,150,Brown
162,212,221,Brown
202,212,152,Green
148,211,44,Green
130,193,51,Green
244,104,106,Blue
157,53,15,Blue
191,164,66,Blue
9,169,219,Orange
233,161,230,Pink
205,9,112,Purple
93,162,18,Green
50,163,88,Green
3,214,65,Green
64,132,190,Brown
166,172,8,Blue
244,172,101,Blue
143,109,180,Pink
31,245,212,Yellow
199,95,38,Blue
245,121,235,Pink
244,9,158,Purple
24,48,70,Brown
48,23,14,Black
67,27,224,Red
145,89,37,Blue
202,118,129,Blue
27,120,97,Green
174,75,9,Blue
49,147,153,Green
107,30,52,Blue
33,73,130,Brown
36,238,50,Green
118,165,209,Brown
218,234,39,Blue
57,148,89,Green
249,169,144,Blue
161,219,95,Green
149,80,53,Blue
110,221,239,Yellow
154,243,222,Green
99,51,241,Red
174,126,23,Blue
236,201,12,Blue
51,116,180,Brown
156,244,181,Green
14,83,133,Brown
123,39,17,Blue
161,235,34,Green
45,115,226,Orange
92,152,85,Green
64,253,234,Yellow
43,226,79,Green
123,218,118,Green
15,165,131,Green
253,131,164,Purple
64,38,24,Black
194,102,53,Blue
208,81,196,Pink
107,113,227,Orange
132,211,208,Yellow
181,197,123,Green
154,148,222,Red
209,241,91,Green
104,170,55,Green
243,173,102,Blue
4,170,19,Green
30,125,185,Brown
136,176,223,Brown
42,9,107,Brown
35,106,228,Orange
196,157,36,Blue
46,194,156,Green
253,1,145,Purple
28,157,125,Green
26,177,22,Green
155,207,119,Green
154,79,219,Pink
210,229,105,Green
226,102,238,Pink
76,65,164,Brown
128,236,185,Green
35,39,124,Brown
76,4,185,Red
145,51,119,Purple
81,8,253,Red
131,99,22,Blue
72,75,91,Brown
170,194,223,Brown
114,129,215,Brown
174,238,137,Green
37,29,218,Red
216,184,175,Blue
88,64,228,Red
69,224,68,Green
161,20,80,Blue
153,183,162,Green
118,13,156,Purple
167,136,252,Pink
199,32,167,Purple
223,138,13,Blue
225,161,108,Blue
67,181,118,Green
224,223,214,Grey
149,8,136,Purple
47,109,249,Orange
124,149,209,Brown
219,181,38,Blue
183,19,221,Purple
26,38,199,Red
212,248,123,Green
58,128,223,Orange
194,79,70,Blue
120,240,152,Green
126,25,154,Purple
229,247,51,Green
42,117,220,Orange
138,72,230,Pink
50,252,77,Green
254,172,137,Blue
78,175,173,Green
60,54,135,Brown
56,241,0,Green
75,29,15,Blue
216,140,237,Pink
221,43,234,Pink
44,139,38,Green
83,82,205,Red
40,198,45,Green
106,68,169,Pink
34,168,165,Green
127,151,99,Green
78,217,245,Yellow
143,155,201,Brown
202,179,58,Blue
218,55,98,Blue
160,110,20,Blue
85,8,42,Blue
50,184,2,Green
249,60,72,Blue
176,139,84,Blue
136,11,97,Purple
1,199,224,Yellow
11,132,143,Green
63,167,44,Green
198,182,20,Blue
133,195,35,Green
181,47,159,Purple
87,71,233,Red
114,115,218,Red
222,42,104,Blue
174,124,2,Blue
243,17,87,Blue
35,161,207,Yellow
100,100,78,Grey
67,61,8,Green
146,244,132,Green
8,110,57,Green
156,40,158,Purple
237,91,169,Pink
160,53,83,Blue
175,199,67,Green
232,128,157,Blue
129,45,124,Purple
242,37,199,Pink
202,171,230,Pink
187,53,23,Blue
163,144,209,Pink
235,219,246,Pink
77,1,75,Purple
113,78,194,Red
141,194,37,Green
46,10,109,Brown
187,50,75,Blue
195,202,80,Green
239,219,51,Blue
48,195,184,Yellow
104,48,142,Purple
55,106,57,Green
14,28,134,Brown
176,43,38,Blue
224,14,140,Purple
159,228,18,Green
7,201,177,Green
92,119,48,Green
151,166,35,Green
209,0,249,Pink
57,222,235,Yellow
247,40,184,Purple
231,43,215,Pink
167,63,224,Pink
124,252,102,Green
25,116,191,Brown
62,36,223,Red
205,115,208,Pink
63,157,161,Green
228,170,73,Blue
192,59,190,Purple
174,217,50,Green
154,234,127,Green
68,243,145,Green
38,211,90,Green
26,165,2,Green
123,72,116,Purple
82,13,164,Red
163,103,28,Blue
160,41,239,Pink
192,7,210,Pink
114,170,33,Green
22,247,235,Yellow
201,89,29,Blue
51,147,201,Brown
93,86,187,Brown
172,160,72,Blue
172,130,138,Blue
52,57,6,Green
163,236,207,Green
63,131,151,Green
13,4,161,Red
124,175,64,Green
17,121,103,Green
42,84,117,Brown
68,94,165,Brown
156,206,135,Green
69,63,236,Red
56,34,83,Brown
192,145,203,Pink
192,172,114,Blue
211,130,222,Pink
97,83,132,Brown
23,254,42,Green
225,223,102,Blue
39,49,50,Black
88,163,110,Green
9,78,143,Brown
13,5,5,Black
139,71,82,Blue
86,56,62,Blue
177,61,225,Pink
121,182,219,Brown
202,24,50,Blue
91,51,182,Red
124,90,188,Red
135,98,21,Blue
203,51,201,Pink
174,203,75,Green
18,108,195,Orange
125,72,30,Blue
187,180,89,Blue
143,173,37,Green
142,170,53,Green
118,110,10,Green
243,76,73,Blue
29,52,160,Brown
204,181,164,Blue
126,148,236,Orange
127,161,102,Green
138,140,207,Brown
207,123,252,Pink
254,173,97,Blue
29,126,54,Green
7,72,14,Green
148,111,70,Blue
127,97,149,Purple
105,224,149,Green
154,50,130,Purple
152,207,105,Green
206,214,141,Green
133,175,39,Green
137,223,172,Green
197,226,248,Orange
2,178,142,Green
161,187,238,Orange
154,149,130,Grey
104,126,233,Orange
5,109,149,Yellow
49,173,201,Yellow
220,121,35,Blue
110,96,104,Grey
167,117,120,Blue
179,240,4,Green
133,176,224,Brown
192,177,0,Blue
9,248,159,Green
137,183,219,Brown
198,169,97,Blue
132,75,197,Pink
188,27,249,Pink
86,176,101,Green
19,223,106,Green
180,240,54,Green
224,47,19,Blue
140,20,225,Pink
164,200,184,Grey
10,233,249,Yellow
104,202,135,Green
103,212,21,Green
148,195,251,Orange
216,85,34,Blue
13,213,50,Green
223,197,187,Blue
61,239,80,Green
204,180,5,Blue
167,25,148,Purple
179,26,233,Pink
131,152,143,Grey
249,207,109,Blue
226,48,100,Blue
219,105,232,Pink
201,22,142,Purple
16,178,206,Yellow
38,185,166,Green
211,95,150,Purple
62,177,88,Green
198,186,6,Blue
158,176,122,Grey
245,12,134,Purple
234,143,85,Blue
136,41,247,Pink
172,225,252,Yellow
190,122,150,Blue
87,112,54,Green
107,22,45,Blue
45,115,4,Green
73,195,239,Yellow
10,215,80,Green
106,9,158,Purple
210,9,29,Blue
57,202,135,Green
202,178,46,Blue
33,92,57,Green
152,120,240,Pink
56,161,131,Green
216,159,162,Blue
172,99,68,Blue
187,94,5,Blue
124,79,212,Pink
239,141,60,Blue
69,105,176,Brown
227,208,171,Blue
179,10,160,Purple
159,215,39,Green
170,183,12,Green
113,70,1,Blue
29,169,62,Green
47,239,211,Yellow
164,217,136,Green
60,181,219,Orange
139,203,63,Green
211,148,179,Purple
179,96,216,Pink
75,186,241,Orange
217,75,60,Blue
23,194,32,Green
24,40,105,Brown
64,85,156,Brown
33,40,39,Black
7,230,196,Yellow
204,6,53,Blue
169,13,201,Pink
170,21,56,Blue
72,245,163,Green
229,83,1,Blue
103,14,56,Purple
109,34,157,Pink
4,216,202,Yellow
166,115,129,Blue
121,6,189,Pink
180,247,39,Green
105,59,46,Blue
178,195,16,Green
107,30,204,Red
189,214,53,Green
178,74,152,Purple
43,16,78,Brown
80,149,18,Green
235,121,186,Purple
139,22,230,Pink
61,112,82,Green
164,192,197,Grey
93,150,9,Green
168,55,56,Blue
141,46,139,Purple
103,59,176,Pink
130,194,233,Yellow
130,98,178,Purple
31,173,215,Yellow
107,183,40,Green
74,26,126,Purple
254,208,35,Blue
63,212,151,Green
232,68,218,Pink
52,202,147,Green
89,88,248,Orange
115,25,42,Blue
250,77,5,Blue
118,74,199,Pink
88,38,181,Red
62,63,20,Green
60,60,77,Grey
65,250,107,Green
181,159,187,Blue
228,147,89,Blue
116,46,148,Purple
157,45,29,Blue
149,110,22,Blue
114,146,46,Green
135,88,77,Blue
206,63,164,Purple
138,42,69,Blue
66,86,204,Orange
132,181,97,Green
59,28,213,Red
14,206,208,Yellow
108,241,7,Green
154,28,47,Blue
223,170,66,Blue
124,54,15,Blue
254,48,89,Blue
204,221,7,Green
185,71,49,Blue
126,217,35,Green
191,48,65,Blue
38,48,157,Brown
65,41,180,Red
186,152,246,Pink
88,75,21,Green
171,101,146,Purple
222,66,33,Blue
111,245,220,Yellow
252,83,106,Blue
74,45,196,Red
187,62,92,Blue
186,160,87,Blue
143,180,7,Green
203,171,59,Blue
125,42,7,Blue
67,151,196,Yellow
132,100,69,Blue
181,15,170,Pink
75,6,197,Red
230,84,115,Blue
70,115,203,Orange
152,97,126,Blue
81,64,236,Red
251,222,56,Blue
247,217,185,Blue
115,68,99,Purple
10,192,4,Green
157,200,80,Green
179,161,4,Blue
58,112,120,Brown
93,153,104,Green
19,123,179,Orange
48,101,185,Orange
171,122,235,Pink
26,41,107,Brown
174,140,45,Blue
160,29,104,Purple
225,147,243,Pink
154,128,28,Blue
34,194,83,Green
185,235,221,Yellow
5,155,67,Green
76,144,209,Orange
151,227,218,Yellow
188,0,254,Pink
125,9,54,Blue
28,57,2,Green
50,87,226,Orange
191,47,26,Blue
95,61,252,Red
221,88,245,Pink
112,29,168,Pink
238,158,67,Blue
30,3,147,Red
179,85,28,Blue
223,199,9,Blue
6,197,159,Green
133,244,14,Green
29,134,112,Green
85,237,213,Yellow
6,166,180,Yellow
232,203,193,Blue
218,215,42,Blue
78,115,108,Grey
26,2,59,Brown
95,44,191,Pink
20,248,50,Green
42,179,123,Green
115,115,246,Red
240,197,91,Blue
152,181,184,Grey
240,54,139,Purple
213,143,234,Pink
238,54,244,Pink
195,240,227,Yellow
168,149,124,Blue
136,102,98,Blue
70,117,83,Green
49,246,148,Green
133,238,222,Yellow
11,102,22,Green
252,250,191,Blue
210,127,204,Pink
202,98,77,Blue
124,139,59,Green
94,69,142,Red
54,116,91,Green
25,156,44,Green
92,87,41,Blue
216,28,67,Blue
106,123,23,Green
64,188,93,Green
184,183,122,Blue
52,66,220,Red
138,47,46,Blue
240,222,4,Blue
236,98,197,Pink
151,48,54,Blue
75,53,140,Red
153,158,22,Blue
190,214,104,Green
81,234,208,Yellow
89,133,93,Green
13,152,213,Orange
182,80,145,Purple
240,245,169,Blue
172,242,145,Green
69,40,43,Blue
14,231,62,Green
236,145,189,Pink
86,145,155,Yellow
73,225,101,Green
12,52,84,Brown
185,208,10,Blue
229,57,103,Blue
221,238,81,Blue
4,156,65,Green
108,8,167,Pink
2,28,192,Red
104,76,190,Pink
146,75,59,Blue
173,141,18,Blue
93,244,154,Yellow
168,75,200,Pink
4,26,76,Brown
239,29,130,Purple
119,48,236,Pink
154,242,75,Green
49,42,187,Red
222,234,178,Blue
8,35,4,Green
241,178,156,Blue
213,41,121,Purple
212,54,85,Blue
225,13,30,Blue
142,2,111,Purple
186,244,80,Green
28,236,78,Green
194,84,156,Pink
221,2,151,Purple
45,33,78,Brown
137,17,252,Pink
126,54,220,Pink
83,10,245,Red
94,13,135,Pink
176,79,150,Purple
166,178,147,Green
78,53,202,Red
100,155,53,Green
221,175,35,Blue
159,222,76,Green
40,226,165,Yellow
209,122,217,Pink
140,249,19,Green
131,154,252,Orange
185,254,174,Green
178,71,153,Purple
95,214,231,Yellow
251,122,1,Blue
205,97,170,Purple
179,234,204,Yellow
240,184,66,Blue
244,6,91,Blue
0,65,99,Brown
216,13,190,Pink
223,119,123,Blue
98,154,36,Green
63,29,235,Red
182,23,67,Blue
144,78,110,Purple
60,202,223,Yellow
238,231,177,Blue
14,14,248,Red
207,223,216,White
189,212,72,Blue
76,130,77,Green
114,9,88,Purple
230,207,21,Blue
233,182,37,Blue
56,60,73,Brown
58,144,117,Green
91,182,248,Yellow
223,31,104,Blue
32,106,52,Green
161,39,224,Pink
253,190,137,Blue
55,51,9,Green
244,82,65,Blue
100,146,117,Green
55,45,224,Red
83,26,232,Red
7,165,106,Green
168,27,177,Pink
33,54,99,Brown
220,158,116,Blue
161,22,216,Pink
144,97,237,Pink
1,100,233,Orange
244,118,113,Blue
245,88,36,Blue
64,3,116,Pink
188,58,157,Purple
2,179,240,Yellow
140,251,29,Green
98,27,3,Blue
190,203,219,White
127,90,80,Blue
83,85,141,Brown
238,224,40,Blue
77,136,211,Orange
62,111,58,Green
140,99,188,Pink
124,215,51,Green
231,171,80,Blue
75,170,44,Green
72,196,65,Green
99,93,69,Grey
80,16,239,Red
114,225,3,Green
11,210,56,Green
243,176,189,Purple
213,114,151,Purple
10,163,62,Green
224,114,34,Blue
213,245,108,Green
93,75,14,Blue
26,34,161,Red
168,105,30,Blue
52,90,76,Green
20,195,83,Green
7,26,205,Red
151,44,178,Pink
172,4,44,Blue
130,254,159,Green
224,226,22,Blue
254,118,4,Blue
43,64,152,Brown
39,144,175,Yellow
2,178,42,Green
45,161,217,Yellow
173,113,210,Pink
198,177,5,Blue
78,180,140,Green
181,231,27,Green
168,170,99,Blue
120,35,155,Purple
158,49,62,Blue
232,239,139,Green
222,81,130,Purple
143,62,20,Blue
170,150,246,Pink
184,193,66,Blue
79,246,47,Green
11,253,173,Green
12,224,146,Green
85,49,200,Red
73,215,80,Green
35,241,118,Green
172,250,233,Yellow
32,64,175,Red
30,63,145,Brown
32,69,79,Brown
52,146,248,Orange
45,45,87,Brown
249,14,250,Pink
126,242,126,Green
164,39,217,Pink
223,113,18,Blue
192,15,140,Purple
202,42,39,Blue
113,40,143,Purple
192,129,247,Pink
146,81,80,Blue
61,9,35,Blue
76,36,244,Red
196,3,171,Purple
59,23,97,Brown
240,100,238,Pink
211,13,173,Purple
123,70,133,Purple
77,228,100,Green
112,104,78,Grey
18,118,200,Orange
221,141,202,Pink
120,192,93,Green
6,199,228,Yellow
62,207,182,Green
159,249,211,Yellow
247,125,83,Blue
216,36,169,Purple
219,221,229,White
21,235,133,Green
227,202,185,Grey
77,130,120,Green
195,75,201,Pink
42,124,143,Green
190,81,73,Blue
33,32,47,Brown
213,222,231,White
23,38,175,Red
223,97,50,Blue
244,66,164,Purple
81,11,192,Pink
164,113,83,Blue
245,202,229,Purple
142,245,242,Yellow
34,19,6,Black
157,100,157,Purple
85,165,108,Green
44,26,156,Red
40,150,188,Yellow
156,199,218,Yellow
232,160,85,Blue
1,92,219,Orange
37,28,87,Brown
93,15,156,Pink
254,45,66,Blue
27,34,140,Brown
40,126,100,Green
40,158,230,Yellow
36,175,216,Yellow
142,176,99,Green
36,47,27,Green
59,94,103,Brown
69,64,22,Blue
197,107,190,Pink
119,76,96,Purple
143,164,21,Green
202,199,49,Blue
55,60,5,Green
49,120,241,Orange
67,13,208,Red
141,111,158,Purple
24,187,179,Yellow
248,46,9,Blue
242,76,14,Blue
216,121,86,Blue
250,36,131,Purple
152,36,30,Blue
29,92,40,Green
102,9,240,Pink
141,115,142,Purple
76,2,137,Purple
0,225,248,Yellow
3,13,188,Red
131,247,193,Yellow
241,43,31,Blue
165,120,4,Blue
10,80,222,Orange
53,58,57,Grey
152,71,6,Blue
44,177,205,Yellow
161,61,132,Purple
162,56,92,Purple
125,197,235,Yellow
102,153,228,Orange
73,92,87,Grey
193,49,239,Pink
99,176,55,Green
240,36,218,Pink
15,199,140,Green
219,149,211,Pink
200,192,203,Grey
137,66,123,Purple
193,200,217,Grey
163,146,194,Pink
159,168,171,Grey
189,190,143,Blue
48,49,198,Red
74,63,252,Red
3,42,109,Brown
226,49,8,Blue
146,39,247,Pink
10,32,238,Orange
100,5,231,Pink
173,216,64,Green
158,97,48,Blue
234,196,89,Blue
249,230,177,Blue
129,66,14,Blue
180,121,97,Blue
248,19,7,Blue
113,76,150,Purple
55,202,53,Green
44,252,55,Green
236,1,229,Pink
199,205,12,Blue
10,142,151,Green
134,86,77,Blue
112,67,151,Pink
90,169,174,Yellow
161,0,163,Pink
133,103,150,Pink
24,223,234,Yellow
15,105,123,Green
49,15,193,Red
82,222,183,Yellow
158,2,114,Purple
196,165,126,Blue
129,108,157,Purple
232,254,144,Blue
125,204,199,Yellow
130,229,120,Green
173,118,42,Blue
186,204,92,Blue
85,88,153,Brown
238,75,128,Purple
58,159,146,Green
68,200,241,Yellow
168,163,83,Blue
29,164,246,Orange
71,66,54,Grey
79,126,163,Brown
103,110,130,Brown
148,157,239,Orange
56,44,13,Green
63,63,149,Brown
102,54,212,Pink
109,39,219,Pink
39,229,118,Green
234,107,137,Purple
93,244,45,Green
54,82,200,Brown
212,185,173,Blue
200,227,216,Green
198,100,48,Blue
234,111,226,Pink
141,48,118,Purple
197,74,134,Purple
37,172,167,Green
210,248,36,Blue
192,47,143,Purple
96,158,180,Green
161,6,67,Blue
230,155,69,Blue
83,152,93,Green
127,34,27,Blue
191,73,190,Pink
159,190,96,Green
240,22,245,Pink
121,195,84,Green
254,41,206,Pink
100,220,242,Yellow
26,242,13,Green
94,29,240,Red
141,216,71,Green
189,142,190,Purple
126,75,201,Pink
78,111,54,Green
123,194,235,Yellow
87,204,225,Yellow
55,58,200,Orange
87,11,78,Purple
105,253,246,Yellow
23,214,10,Green
120,231,175,Green
58,89,95,Brown
86,104,207,Orange
43,162,115,Green
19,234,194,Yellow
80,123,44,Green
205,153,8,Blue
164,160,206,Pink
29,190,80,Green
188,178,71,Blue
85,200,40,Green
185,195,182,Grey
40,41,160,Red
205,46,63,Blue
217,96,13,Blue
149,42,120,Purple
147,92,128,Purple
57,210,50,Green
128,75,215,Pink
13,150,126,Green
238,231,135,Blue
112,205,236,Yellow
47,25,191,Red
91,109,188,Orange
231,186,183,Blue
180,96,51,Blue
128,170,191,Grey
0,207,74,Green
201,5,76,Blue
20,49,159,Brown
162,202,248,Orange
171,59,101,Purple
126,34,167,Pink
222,101,157,Purple
228,223,194,Blue
181,126,253,Pink
24,122,86,Green
176,48,171,Purple
191,219,168,Green
242,229,128,Blue
129,39,122,Purple
23,22,103,Brown
243,99,60,Blue
62,131,195,Orange
9,26,51,Brown
123,27,3,Blue
91,241,135,Green
142,45,191,Pink
54,225,26,Green
226,161,247,Pink
183,7,71,Blue
159,64,150,Purple
6,87,129,Brown
122,212,219,Yellow
222,25,240,Pink
190,191,192,Grey
72,149,247,Orange
15,243,47,Green
200,1,50,Blue
214,142,232,Pink
225,83,29,Blue
74,244,69,Green
142,67,243,Pink
229,240,164,Blue
186,48,71,Blue
25,3,95,Brown
10,47,39,Green
157,164,3,Blue
86,34,249,Red
4,91,180,Orange
226,22,68,Blue
220,158,170,Purple
215,109,38,Blue
150,241,209,Yellow
6,160,72,Green
222,248,40,Blue
236,134,114,Purple
107,140,224,Orange
135,123,145,Grey
101,1,123,Purple
72,207,246,Yellow
120,33,37,Blue
30,238,164,Green
140,119,70,Blue
38,5,69,Brown
35,90,123,Brown
236,90,11,Blue
55,238,9,Green
28,30,87,Brown
205,49,201,Pink
82,81,75,Grey
115,225,38,Green
115,134,225,Orange
10,147,93,Green
225,27,165,Purple
151,159,51,Blue
10,17,108,Brown
95,10,209,Pink
105,158,192,Brown
149,15,170,Purple
185,226,37,Green
110,206,84,Green
202,209,214,Grey
28,218,224,Yellow
155,140,39,Blue
178,90,208,Pink
77,1,46,Purple
131,237,15,Green
20,168,26,Green
148,143,44,Blue
130,111,56,Blue
15,57,18,Green
102,130,126,Grey
192,30,149,Pink
182,127,178,Pink
248,170,242,Pink
98,214,181,Yellow
123,158,126,Green
66,89,13,Green
195,60,94,Purple
109,68,102,Purple
254,221,200,Blue
52,91,72,Green
104,37,125,Purple
32,206,204,Yellow
198,124,145,Purple
220,3,20,Blue
248,198,103,Blue
228,215,35,Blue
6,197,39,Green
28,114,104,Green
209,47,229,Pink
123,229,111,Green
254,192,75,Blue
104,88,18,Blue
0,161,53,Green
177,175,174,Grey
115,80,168,Pink
193,25,124,Purple
104,57,6,Blue
141,57,212,Pink
172,24,24,Blue
20,53,230,Orange
178,250,236,Yellow
22,214,136,Green
197,90,145,Purple
191,220,28,Blue
47,250,99,Green
241,71,152,Purple
217,211,211,Grey
159,89,158,Purple
189,115,236,Pink
1,143,189,Yellow
75,182,7,Green
22,104,241,Orange
235,200,190,Blue
213,107,141,Purple
115,6,121,Purple
246,64,42,Blue
40,53,13,Green
68,117,181,Orange
194,202,100,Blue
47,163,79,Green
231,158,154,Purple
33,188,137,Green
243,53,81,Blue
131,252,104,Green
129,234,254,Yellow
55,10,209,Red
241,142,173,Purple
142,171,224,Orange
194,161,122,Blue
101,51,145,Purple
113,243,202,Yellow
139,211,160,Green
141,181,0,Green
241,8,166,Purple
200,150,251,Pink
62,58,216,Red
143,70,114,Purple
192,55,191,Pink
184,251,247,Yellow
77,117,235,Orange
31,17,175,Red
203,222,39,Blue
239,94,241,Pink
240,11,133,Purple
83,99,61,Green
240,36,105,Blue
174,152,104,Blue
213,49,216,Pink
57,79,236,Orange
19,167,100,Green
166,223,13,Green
87,37,110,Purple
9,215,79,Green
207,134,134,Blue
177,194,1,Green
69,176,124,Green
168,5,246,Pink
84,176,50,Green
169,23,175,Purple
251,122,49,Blue
218,143,153,Purple
192,228,61,Blue
199,105,27,Blue
11,65,181,Brown
157,81,227,Pink
128,218,213,Yellow
42,52,135,Brown
194,150,12,Blue
130,211,57,Green
47,169,111,Green
134,184,198,Yellow
104,171,122,Green
94,188,152,Green
203,89,230,Pink
194,121,161,Purple
237,226,72,Blue
203,117,2,Blue
1,101,165,Orange
29,121,171,Brown
62,76,23,Green
235,165,166,Purple
22,251,178,Yellow
192,38,168,Purple
141,120,175,Pink
139,34,95,Purple
90,35,67,Purple
185,48,194,Pink
2,183,1,Green
71,121,139,Brown
189,223,113,Blue
147,120,127,Purple
65,236,170,Green
177,155,218,Pink
58,64,80,Brown
250,93,143,Purple
62,74,219,Red
171,178,98,Blue
165,100,13,Blue
140,196,2,Green
209,24,56,Blue
148,10,108,Purple
107,137,18,Green
68,142,216,Orange
91,91,152,Brown
183,1,55,Blue
248,231,105,Blue
14,93,79,Green
62,193,118,Green
229,229,74,Blue
66,143,233,Orange
183,159,183,Purple
189,237,137,Green
16,165,96,Green
80,158,9,Green
127,5,22,Blue
52,52,175,Red
84,54,181,Pink
182,199,246,Orange
171,123,151,Purple
240,118,33,Blue
202,2,57,Blue
206,173,213,Pink
211,18,101,Purple
190,254,5,Green
132,254,195,Yellow
0,182,61,Green
120,28,34,Blue
218,95,58,Blue
27,52,252,Orange
127,141,198,Brown
225,252,175,Blue
139,153,102,Green
141,233,27,Green
70,33,17,Blue
138,224,1,Green
146,11,36,Blue
95,189,206,Yellow
219,93,27,Blue
59,124,25,Green
214,215,204,White
131,138,93,Grey
57,213,133,Green
238,117,85,Blue
6,80,160,Brown
151,123,170,Pink
172,90,229,Pink
185,98,199,Pink
131,49,130,Purple
194,42,74,Blue
163,82,188,Pink
216,152,8,Blue
150,0,76,Purple
244,145,228,Pink
250,118,254,Pink
153,175,65,Green
141,83,182,Pink
92,89,18,Green
45,23,91,Brown
172,173,83,Blue
251,173,92,Blue
165,209,166,Green
191,239,180,Green
242,57,53,Blue
48,174,69,Green
26,108,138,Brown
42,94,231,Orange
127,29,75,Purple
249,154,218,Pink
117,22,130,Purple
170,224,54,Green
84,29,123,Purple
209,128,159,Purple
82,237,25,Green
159,105,217,Pink
131,132,253,Red
145,210,188,Yellow
69,71,12,Green
70,185,107,Green
137,136,83,Blue
50,134,7,Green
73,103,30,Green
205,35,220,Pink
236,45,72,Blue
16,106,179,Brown
237,242,7,Blue
247,87,89,Blue
153,99,142,Purple
66,82,67,Grey
164,185,217,Orange
120,199,166,Green
4,208,91,Green
110,123,163,Brown
145,68,21,Blue
176,176,48,Blue
47,2,218,Red
142,135,200,Pink
71,155,132,Green
54,229,176,Green
179,103,21,Blue
206,78,131,Purple
135,152,1,Green
44,213,55,Green
102,139,31,Green
69,76,202,Red
122,148,156,Grey
230,15,184,Purple
110,188,141,Green
194,193,204,Grey
232,213,0,Blue
130,214,114,Green
49,106,97,Green
208,172,203,Pink
140,60,224,Pink
248,153,162,Purple
32,244,242,Yellow
22,139,238,Orange
192,176,86,Blue
33,244,248,Yellow
18,112,211,Orange
158,254,174,Yellow
35,71,104,Brown
71,248,103,Green
61,2,140,Purple
47,83,56,Green
118,214,83,Green
173,116,13,Blue
54,147,228,Orange
57,221,120,Green
111,65,11,Blue
244,15,7,Blue
240,131,112,Purple
119,15,15,Blue
209,189,103,Blue
35,92,91,Green
77,188,226,Yellow
222,192,204,Pink
227,168,17,Blue
181,181,79,Blue
93,253,80,Green
9,54,231,Red
82,158,64,Green
48,113,121,Brown
133,70,133,Purple
0,20,195,Red
138,229,217,Yellow
171,219,232,Yellow
130,12,144,Purple
103,22,239,Pink
216,214,206,Grey
12,151,68,Green
155,152,157,Grey
252,183,165,Blue
243,90,207,Pink
194,80,95,Blue
22,234,212,Yellow
147,213,99,Green
139,165,95,Green
108,104,177,Brown
172,51,8,Blue
116,241,199,Yellow
55,22,38,Black
41,196,30,Green
18,249,74,Green
114,95,140,Brown
89,119,98,Grey
192,83,118,Purple
110,168,228,Orange
228,186,111,Blue
42,250,191,Yellow
55,4,57,Purple
199,150,38,Blue
208,229,154,Green
94,21,131,Purple
179,152,247,Pink
33,131,52,Green
76,164,139,Green
26,102,137,Brown
125,75,217,Pink
11,160,240,Orange
194,157,151,Blue
158,14,195,Pink
46,86,132,Brown
122,54,60,Blue
173,100,207,Pink
121,215,177,Green
52,200,177,Green
192,49,2,Blue
30,165,110,Green
115,211,23,Green
210,16,151,Purple
130,217,55,Green
155,174,63,Green
47,192,215,Yellow
114,241,2,Green
25,33,248,Red
182,9,120,Purple
32,171,155,Green
38,78,119,Brown
242,128,135,Blue
198,193,8,Green
109,142,81,Green
105,216,248,Yellow
176,182,53,Blue
144,209,214,Yellow
179,56,223,Pink
72,239,51,Green
228,136,27,Blue
246,11,243,Pink
78,106,55,Green
16,54,180,Brown
85,138,155,Brown
32,13,2,Black
32,111,240,Orange
206,66,192,Pink
121,135,111,Grey
232,135,145,Blue
174,150,110,Blue
182,147,33,Blue
93,179,229,Yellow
34,64,82,Brown
166,200,92,Green
99,85,130,Brown
64,131,230,Orange
113,98,180,Brown
77,190,143,Green
96,93,117,Grey
102,14,156,Purple
237,19,59,Blue
199,181,5,Blue
59,245,181,Green
221,22,89,Blue
197,204,234,White
93,13,226,Pink
144,125,167,Grey
45,238,97,Green
93,233,170,Green
241,137,112,Blue
0,4,139,Red
126,204,124,Green
114,164,21,Green
247,116,47,Blue
210,148,254,Pink
135,126,15,Green
151,121,155,Purple
123,177,229,Orange
184,229,179,Green
41,220,93,Green
151,193,135,Green
37,24,215,Red
160,66,90,Purple
136,12,148,Purple
185,78,126,Blue
112,128,24,Green
171,93,48,Blue
205,218,1,Blue
202,88,61,Blue
189,232,92,Green
179,92,147,Purple
167,29,194,Pink
3,197,31,Green
122,146,229,Orange
77,135,91,Green
171,81,84,Blue
95,57,86,Purple
12,85,202,Orange
147,11,213,Pink
41,142,83,Green
108,236,120,Green
246,51,223,Pink
115,207,71,Green
77,254,195,Yellow
199,212,165,Grey
234,97,206,Pink
223,200,153,Blue
31,194,21,Green
99,138,197,Brown
147,84,192,Pink
9,23,94,Brown
60,232,105,Green
171,86,208,Pink
51,98,254,Orange
206,136,114,Blue
87,240,200,Yellow
34,196,194,Green
215,105,99,Blue
50,218,195,Yellow
139,246,103,Green
130,219,81,Green
250,83,26,Blue
56,222,141,Green
202,215,164,Green
150,155,42,Blue
147,238,196,Yellow
70,49,123,Brown
61,9,111,Brown
20,84,194,Orange
225,170,212,Pink
237,91,154,Purple
186,172,90,Blue
31,175,21,Green
167,50,0,Blue
54,192,234,Yellow
169,145,170,Grey
143,81,92,Blue
17,220,217,Yellow
46,56,37,Grey
90,98,174,Brown
17,34,90,Brown
115,231,53,Green
202,99,155,Purple
10,8,203,Red
210,218,240,White
152,51,185,Purple
182,195,216,Grey
105,57,135,Purple
45,146,201,Yellow
13,199,121,Green
209,191,26,Blue
151,185,132,Green
132,182,222,Brown
228,232,106,Blue
124,69,141,Purple
54,112,158,Brown
21,252,184,Green
4,70,213,Orange
90,191,216,Yellow
113,221,215,Yellow
68,122,211,Brown
155,10,172,Purple
96,0,179,Pink
69,189,63,Green
245,203,222,Blue
240,179,72,Blue
116,215,189,Green
155,51,38,Blue
212,214,124,Blue
188,206,75,Green
241,89,56,Blue
142,233,9,Green
126,129,53,Green
152,136,64,Blue
207,48,40,Blue
6,231,15,Green
239,140,29,Blue
232,143,96,Blue
146,221,107,Green
1,98,10,Green
155,17,19,Blue
174,49,194,Pink
16,219,186,Yellow
38,162,241,Orange
48,106,224,Orange
114,100,183,Brown
30,47,9,Green
157,133,45,Blue
223,3,43,Blue
58,73,177,Brown
139,62,35,Blue
163,246,183,Green
154,69,56,Blue
88,62,243,Red
167,96,19,Blue
190,44,220,Pink
167,11,160,Purple
51,185,47,Green
157,96,11,Blue
14,221,226,Yellow
111,39,164,Purple
37,167,177,Green
244,97,207,Pink
43,168,233,Yellow
62,196,105,Green
172,197,35,Green
4,173,164,Green
157,188,16,Blue
196,165,62,Blue
91,72,250,Red
79,51,210,Red
218,133,146,Purple
212,142,230,Pink
44,240,136,Green
66,1,43,Black
53,82,168,Brown
44,7,231,Red
82,174,191,Yellow
123,59,83,Blue
40,78,11,Green
45,2,167,Red
251,113,106,Blue
30,74,147,Brown
30,33,147,Brown
41,217,199,Yellow
254,28,5,Blue
90,28,138,Purple
178,199,200,Grey
94,26,30,Blue
100,67,249,Pink
142,188,61,Green
84,1,156,Purple
234,35,164,Purple
167,201,204,Grey
49,184,132,Green
64,9,51,Purple
46,171,187,Yellow
149,248,5,Green
102,144,29,Green
158,237,148,Green
144,121,41,Blue
56,237,136,Green
46,49,163,Brown
160,233,62,Green
103,142,130,Grey
105,150,22,Green
202,112,99,Blue
13,82,141,Brown
221,14,222,Pink
99,23,120,Purple
196,230,36,Green
156,25,59,Blue
167,12,57,Blue
198,24,42,Blue
27,131,195,Orange
201,141,3,Blue
204,126,137,Purple
124,236,21,Green
225,27,60,Blue
12,64,2,Green
139,109,65,Blue
9,246,242,Yellow
122,161,35,Green
142,69,17,Blue
12,62,42,Green
201,137,228,Pink
40,17,172,Red
162,23,98,Purple
231,23,231,Pink
202,187,38,Blue
218,114,109,Purple
240,115,149,Purple
113,134,35,Green
224,0,201,Pink
184,187,246,Orange
131,76,70,Blue
126,38,214,Pink
246,127,8,Blue
64,250,130,Green
8,153,13,Green
94,14,114,Purple
192,46,245,Pink
15,119,199,Orange
172,42,191,Purple
102,78,118,Brown
217,170,173,Grey
213,137,29,Blue
86,14,1,Blue
208,206,81,Blue
129,148,44,Green
50,129,34,Green
97,48,70,Purple
116,251,211,Yellow
97,133,252,Orange
16,24,153,Red
215,111,249,Pink
65,158,106,Green
47,247,69,Green
22,98,233,Orange
79,34,55,Purple
175,191,97,Green
165,192,85,Green
233,27,195,Purple
23,188,96,Green
203,154,198,Pink
42,114,179,Brown
5,47,243,Orange
194,11,105,Purple
62,205,160,Green
210,87,137,Purple
164,50,233,Pink
199,105,49,Blue
59,9,140,Brown
135,73,222,Pink
164,224,63,Green
170,0,24,Blue
115,16,102,Purple
86,89,195,Orange
233,244,184,Green
4,123,26,Green
73,106,96,Green
235,82,33,Blue
199,71,84,Blue
38,202,201,Yellow
235,152,246,Pink
121,127,106,Grey
112,124,137,Grey
29,75,21,Green
34,228,85,Green
144,139,148,Grey
12,168,186,Yellow
60,250,75,Green
53,3,107,Purple
72,9,88,Purple
191,90,252,Pink
68,69,33,Green
202,201,190,Grey
18,253,119,Green
89,32,217,Pink
203,239,219,Yellow
206,199,59,Blue
189,118,65,Blue
76,122,34,Green
33,68,27,Green
138,105,227,Pink
193,160,227,Pink
113,221,192,Yellow
230,116,238,Pink
78,241,211,Yellow
178,159,185,Grey
142,6,191,Purple
64,173,213,Yellow
89,102,119,Grey
141,190,43,Green
134,218,115,Green
39,92,10,Green
208,113,205,Pink
231,161,166,Blue
226,61,167,Purple
197,114,177,Pink
241,80,131,Blue
47,172,145,Green
125,184,128,Green
176,118,96,Blue
183,249,241,Yellow
94,40,128,Brown
202,106,177,Pink
119,242,9,Green
119,69,141,Purple
106,204,43,Green
183,71,215,Pink
83,50,47,Blue
91,104,73,Grey
233,52,75,Blue
19,55,2,Green
174,227,121,Green
194,205,36,Blue
49,179,235,Orange
227,93,237,Pink
51,189,215,Yellow
211,239,238,Green
75,80,100,Brown
23,30,245,Red
252,133,219,Purple
220,163,141,Blue
75,128,193,Brown
91,162,201,Brown
190,132,114,Blue
73,254,249,Yellow
142,253,152,Green
217,93,25,Blue
152,226,212,Yellow
215,51,79,Blue
227,252,93,Green
160,41,115,Purple
24,133,36,Green
57,9,200,Red
78,19,101,Purple
206,8,175,Pink
34,176,236,Yellow
194,187,210,Grey
133,232,71,Green
74,142,104,Green
241,236,216,Blue
108,185,11,Green
27,34,175,Red
170,20,159,Purple
1,21,140,Brown
177,100,168,Purple
53,219,46,Green
119,118,34,Green
80,38,154,Brown
142,32,104,Purple
53,61,252,Orange
126,15,131,Purple
20,38,152,Brown
227,50,56,Blue
179,37,202,Pink
51,21,190,Red
183,103,0,Blue
76,104,211,Brown
240,210,199,Purple
8,94,179,Orange
13,0,144,Red
185,28,191,Pink
107,186,239,Yellow
35,189,173,Green
204,64,158,Purple
48,112,9,Green
159,134,136,Grey
50,13,7,Blue
106,245,44,Green
212,224,179,Grey
136,94,155,Purple
128,75,43,Blue
1,12,31,Brown
87,177,86,Green
200,166,182,Grey
143,27,243,Pink
37,96,112,Green
221,160,22,Blue
18,248,4,Green
57,189,244,Yellow
77,179,50,Green
46,155,137,Green
106,44,147,Purple
13,45,42,Green
178,197,21,Blue
239,165,1,Blue
89,82,227,Red
25,107,131,Brown
237,50,223,Pink
224,127,80,Blue
71,102,168,Brown
119,201,62,Green
47,168,138,Green
61,123,189,Brown
184,224,157,Green
92,111,170,Brown
17,252,53,Green
194,161,164,Grey
68,163,146,Green
67,161,200,Yellow
89,177,235,Orange
65,43,147,Brown
19,180,60,Green
90,179,106,Green
144,121,59,Blue
188,220,147,Green
196,82,254,Pink
10,122,96,Green
113,220,254,Yellow
197,252,229,Yellow
56,80,122,Brown
171,114,21,Blue
59,69,51,Grey
174,175,172,Grey
225,172,243,Pink
190,207,70,Green
61,7,13,Blue
240,139,251,Pink
223,4,190,Purple
6,218,214,Yellow
226,198,150,Blue
63,161,136,Green
78,185,231,Orange
200,31,28,Blue
130,150,78,Green
47,136,153,Green
219,64,240,Pink
211,217,201,Grey
235,76,81,Blue
92,232,165,Green
112,11,110,Purple
47,10,243,Red
198,43,92,Blue
164,182,215,Brown
150,241,224,Yellow
20,111,125,Green
133,179,139,Green
164,79,244,Pink
151,197,116,Green
223,39,26,Blue
31,131,144,Green
114,224,127,Green
219,248,232,Green
97,101,2,Green
178,121,187,Purple
152,58,72,Blue
121,215,211,Yellow
161,211,80,Green
99,179,141,Green
65,32,109,Brown
37,254,150,Green
157,86,151,Purple
249,139,171,Blue
84,202,162,Green
99,20,210,Pink
32,122,129,Green
13,253,52,Green
236,160,22,Blue
48,72,93,Brown
7,215,34,Green
242,201,159,Blue
67,5,75,Purple
210,48,122,Purple
183,30,21,Blue
189,219,161,Green
35,50,34,Green
24,7,108,Brown
215,101,109,Purple
233,109,171,Purple
65,85,14,Green
0,107,200,Orange
81,84,147,Brown
17,96,80,Green
230,196,95,Blue
153,95,75,Blue
150,52,163,Purple
136,154,61,Green
249,147,242,Pink
205,122,220,Pink
197,113,117,Blue
56,154,203,Yellow
122,168,236,Orange
221,79,73,Blue
141,59,244,Pink
226,177,145,Blue
37,135,135,Green
69,172,160,Green
146,67,151,Purple
66,53,122,Brown
191,132,143,Blue
46,6,138,Red
179,2,192,Pink
98,224,120,Green
84,239,135,Green
199,1,167,Purple
106,204,228,Yellow
14,22,83,Brown
216,127,122,Blue
113,147,14,Green
154,185,183,Grey
46,170,177,Green
153,8,161,Purple
111,194,102,Green
185,184,194,Grey
221,236,240,White
245,26,94,Blue
198,173,144,Grey
189,195,166,Grey
95,47,180,Pink
62,144,29,Green
91,57,179,Red
239,34,9,Blue
203,29,154,Purple
203,160,234,Pink
162,149,213,Brown
229,111,46,Blue
30,215,193,Green
161,156,154,Grey
138,96,203,Pink
116,154,212,Brown
180,48,182,Purple
181,127,143,Grey
124,47,213,Pink
97,240,155,Green
160,183,60,Green
177,141,222,Pink
56,196,186,Green
34,176,98,Green
97,172,208,Yellow
25,232,68,Green
44,53,161,Brown
242,100,125,Purple
186,130,223,Pink
38,192,238,Yellow
238,123,241,Pink
221,90,10,Blue
42,55,164,Brown
21,191,138,Green
210,56,33,Blue
47,101,192,Brown
78,205,222,Yellow
114,0,228,Pink
150,58,105,Purple
34,28,190,Red
85,180,214,Yellow
138,83,96,Purple
39,181,250,Yellow
70,56,50,Grey
123,40,158,Purple
73,195,227,Yellow
182,99,252,Pink
236,234,137,Blue
87,159,149,Green
203,237,58,Green
89,227,64,Green
10,135,230,Orange
119,83,239,Pink
200,148,122,Blue
192,148,189,Purple
119,199,99,Green
81,203,229,Yellow
232,68,87,Blue
98,2,68,Purple
43,1,245,Red
129,143,52,Blue
130,23,204,Pink
181,57,136,Purple
181,90,30,Blue
156,126,216,Pink
156,220,124,Green
210,224,146,Green
99,15,254,Red
95,70,46,Grey
30,49,162,Brown
233,20,230,Pink
237,230,54,Blue
171,176,99,Blue
102,166,233,Orange
234,161,155,Blue
218,127,190,Purple
123,11,150,Purple
71,30,145,Brown
166,199,52,Green
197,133,70,Blue
47,211,71,Green
211,30,19,Blue
236,58,29,Blue
89,164,49,Green
197,30,167,Purple
252,142,34,Blue
84,157,32,Green
89,152,54,Green
43,51,174,Red
233,177,177,Blue
228,192,170,Blue
26,66,163,Brown
125,18,242,Pink
47,113,216,Orange
17,79,118,Brown
26,212,215,Yellow
168,63,248,Pink
24,89,136,Brown
46,145,117,Green
234,202,220,Purple
203,30,21,Blue
187,2,243,Pink
99,7,7,Blue
198,143,139,Blue
141,201,104,Green
54,1,100,Brown
153,225,92,Green
240,192,44,Blue
12,88,167,Brown
124,249,254,Yellow
152,151,83,Green
237,112,63,Blue
123,190,219,Yellow
175,104,211,Pink
133,134,159,Grey
9,152,247,Orange
145,130,79,Blue
175,32,227,Pink
49,125,10,Green
132,247,53,Green
18,164,230,Orange
48,27,223,Red
100,122,191,Brown
179,61,188,Pink
82,139,217,Brown
116,132,170,Brown
171,103,142,Purple
231,29,15,Blue
124,59,236,Pink
31,83,2,Green
239,133,74,Blue
62,249,95,Green
112,12,95,Purple
1,220,21,Green
81,36,193,Red
12,103,96,Green
133,218,138,Green
90,149,100,Green
204,158,107,Blue
37,121,206,Orange
178,195,134,Green
174,50,150,Purple
190,92,49,Blue
252,213,83,Blue
144,30,232,Pink
3,167,18,Green
0,151,206,Yellow
61,39,75,Brown
150,53,29,Blue
55,177,151,Green
161,246,97,Green
202,130,158,Purple
209,140,36,Blue
196,4,140,Purple
172,28,119,Purple
199,233,144,Green
195,34,5,Blue
156,249,67,Green
38,38,14,Green
51,92,36,Green
244,99,178,Pink
244,42,16,Blue
178,174,31,Blue
96,5,77,Purple
106,93,29,Blue
139,30,44,Blue
182,187,230,Orange
166,48,199,Pink
41,53,81,Brown
186,124,91,Blue
17,130,158,Yellow
55,248,129,Green
129,11,58,Blue
250,11,77,Blue
102,103,135,Brown
0,106,234,Orange
23,213,11,Green
29,89,136,Brown
177,193,7,Green
222,65,233,Pink
108,131,167,Brown
207,224,196,Green
137,52,159,Pink
128,84,16,Blue
185,88,182,Pink
55,10,238,Red
59,15,85,Purple
147,253,14,Green
232,217,31,Blue
127,85,164,Pink
86,138,155,Green
34,65,32,Green
217,227,150,Blue
29,34,44,Brown
229,73,175,Pink
77,79,171,Red
244,126,26,Blue
20,127,184,Yellow
180,164,145,Grey
96,61,253,Red
42,57,214,Red
33,103,176,Brown
25,33,221,Orange
167,9,151,Purple
186,22,6,Blue
239,92,168,Purple
246,139,25,Blue
95,167,162,Green
101,63,76,Purple
22,99,232,Orange
45,67,84,Brown
207,105,250,Pink
202,187,88,Blue
215,85,169,Pink
250,216,5,Blue
222,19,134,Purple
137,125,176,Brown
137,162,37,Green
202,221,48,Green
13,37,74,Brown
74,120,171,Brown
112,90,163,Pink
141,222,195,Yellow
217,108,123,Blue
56,243,190,Yellow
148,74,220,Pink
101,4,37,Blue
172,56,198,Pink
23,12,240,Red
213,251,214,Yellow
172,223,163,Green
199,235,223,Yellow
89,137,191,Brown
35,10,27,Black
160,128,234,Pink
16,220,145,Green
187,239,109,Green
150,220,166,Green
156,56,78,Purple
118,19,95,Purple
88,201,215,Yellow
170,100,118,Purple
56,151,248,Orange
170,245,96,Green
180,190,21,Green
148,222,109,Green
223,133,24,Blue
215,3,249,Pink
181,248,77,Green
65,160,62,Green
188,215,153,Green
154,153,72,Blue
164,168,210,Orange
104,232,242,Yellow
47,122,88,Green
123,212,241,Yellow
72,69,86,Brown
178,154,244,Pink
233,52,110,Purple
168,55,51,Blue
205,156,85,Blue
54,25,25,Black
42,242,208,Yellow
199,12,220,Pink
13,75,43,Green
192,173,32,Blue
151,209,125,Green
80,230,230,Yellow
165,249,242,Yellow
88,91,89,Grey
77,213,39,Green
229,50,127,Purple
216,101,216,Pink
197,183,103,Blue
145,195,111,Green
249,225,248,White
206,161,163,Grey
35,208,124,Green
19,16,203,Red
139,7,136,Purple
203,153,234,Pink
32,238,7,Green
236,0,52,Blue
15,215,42,Green
174,202,28,Green
64,147,206,Orange
0,30,19,Green
184,10,125,Purple
38,175,211,Yellow
155,171,160,Grey
205,66,17,Blue
153,102,244,Pink
244,155,18,Blue
76,1,85,Purple
37,60,82,Brown
226,33,234,Pink
155,238,74,Green
153,233,248,Yellow
52,72,183,Brown
152,235,156,Green
239,79,19,Blue
206,215,213,Grey
109,253,198,Green
76,250,236,Yellow
132,213,47,Green
103,69,143,Purple
180,74,225,Pink
73,247,241,Yellow
235,118,145,Purple
55,135,158,Green
245,127,136,Blue
56,185,252,Yellow
140,20,150,Purple
218,247,2,Blue
12,133,49,Green
52,254,190,Yellow
133,28,2,Blue
95,251,68,Green
195,98,22,Blue
188,200,209,Grey
187,129,137,Purple
184,33,38,Blue
129,231,79,Green
134,110,50,Blue
38,52,33,Green
98,225,108,Green
6,184,156,Green
226,127,86,Blue
205,41,69,Blue
240,20,113,Purple
230,223,6,Blue
4,16,135,Red
151,70,254,Pink
201,39,190,Purple
144,120,214,Pink
31,96,140,Brown
228,33,20,Blue
47,142,165,Yellow
134,123,172,Brown
159,67,218,Pink
219,181,92,Blue
31,43,212,Red
127,2,203,Pink
32,151,106,Green
115,159,84,Green
195,237,7,Green
222,16,41,Blue
60,17,213,Red
196,183,42,Blue
128,120,34,Blue
157,162,89,Blue
218,251,57,Green
13,224,157,Green
215,218,220,Grey
175,104,211,Pink
91,152,159,Green
114,116,238,Orange
188,153,170,Blue
151,132,222,Pink
34,175,188,Green
214,111,227,Pink
70,101,190,Brown
146,67,199,Pink
165,57,64,Blue
254,220,151,Blue
107,94,182,Brown
14,70,140,Brown
96,170,114,Green
189,140,170,Purple
20,216,40,Green
214,225,132,Green
1,134,162,Yellow
174,241,30,Green
68,213,108,Green
244,129,83,Blue
204,153,37,Blue
8,114,244,Orange
19,75,102,Brown
44,213,61,Green
83,206,219,Yellow
27,56,184,Brown
105,117,22,Green
173,192,178,Grey
66,185,106,Green
84,56,204,Pink
17,166,115,Green
44,69,58,Grey
3,206,143,Green
67,26,216,Pink
99,67,135,Purple
78,224,174,Green
216,118,227,Pink
133,12,160,Purple
97,122,196,Brown
201,192,247,Orange
43,147,12,Green
16,39,56,Brown
77,211,217,Yellow
127,11,23,Blue
223,218,104,Blue
125,230,125,Green
108,82,249,Pink
81,110,18,Green
26,129,213,Orange
214,50,150,Purple
70,95,215,Orange
40,163,142,Green
109,214,128,Green
220,198,197,Grey
150,202,120,Green
165,254,105,Green
37,237,145,Green
104,12,99,Purple
62,189,12,Green
176,34,241,Pink
5,20,91,Brown
171,232,34,Green
233,90,210,Purple
111,49,50,Blue
147,209,42,Green
204,185,39,Green
32,222,236,Yellow
206,199,217,Grey
210,60,119,Purple
190,173,163,Grey
22,31,90,Brown
46,245,47,Green
179,192,184,Grey
238,82,87,Blue
240,178,252,Pink
72,107,196,Brown
160,254,3,Green
45,47,115,Brown
202,220,177,Grey
72,72,143,Brown
117,110,33,Blue
68,55,90,Brown
220,193,240,Pink
33,185,108,Green
200,25,129,Purple
86,13,180,Pink
107,197,38,Green
222,170,182,Blue
52,20,182,Red
96,176,78,Green
223,74,91,Blue
14,203,24,Green
72,244,147,Green
245,215,234,Purple
227,31,127,Purple
96,46,136,Brown
99,57,64,Grey
85,57,13,Blue
151,3,159,Pink
122,20,128,Purple
225,73,74,Blue
105,237,213,Yellow
144,47,92,Purple
4,199,16,Green
81,192,63,Green
218,237,200,Yellow
41,29,99,Brown
41,216,59,Green
219,9,210,Pink
121,226,84,Green
98,188,208,Yellow
206,146,248,Pink
235,233,52,Blue
195,235,23,Green
118,226,40,Green
7,157,110,Green
249,133,212,Pink
118,71,176,Pink
57,19,108,Brown
69,209,239,Yellow
117,102,96,Grey
178,210,55,Green
5,150,181,Yellow
19,128,254,Orange
85,43,55,Blue
221,250,31,Green
164,221,222,Yellow
239,104,159,Purple
197,233,58,Green
217,36,61,Blue
19,180,249,Yellow
245,142,141,Blue
252,202,113,Blue
144,107,149,Brown
206,60,213,Pink
149,250,231,Yellow
236,43,115,Purple
79,182,244,Yellow
175,87,216,Pink
95,7,245,Red
41,231,197,Green
51,200,140,Green
249,166,244,Pink
24,16,195,Red
193,69,23,Blue
239,54,228,Pink
95,137,40,Green
54,175,201,Yellow
162,214,118,Green
5,132,246,Orange
69,135,75,Green
167,126,178,Purple
217,197,236,Pink
142,3,205,Purple
15,234,254,Yellow
94,36,51,Blue
90,145,175,Brown
212,188,152,Blue
10,107,61,Green
99,48,175,Pink
159,128,1,Blue
169,128,4,Blue
48,202,123,Green
10,130,180,Yellow
187,179,50,Blue
150,16,150,Pink
84,20,240,Red
162,91,0,Blue
57,45,173,Red
137,6,139,Purple
243,215,234,Purple
184,220,38,Green
1,115,139,Green
191,151,126,Blue
92,4,240,Red
113,117,106,Grey
107,209,60,Green
241,225,219,Blue
241,23,210,Pink
205,201,156,Grey
229,238,182,Green
9,17,69,Brown
20,117,216,Orange
120,78,34,Blue
190,160,59,Blue
120,6,153,Purple
179,41,203,Pink
1,147,106,Green
127,57,111,Purple
114,84,126,Brown
99,55,99,Purple
48,213,38,Green
72,34,211,Red
108,152,50,Green
13,249,199,Yellow
53,239,46,Green
250,215,224,Purple
189,19,17,Blue
20,128,117,Green
182,213,85,Green
127,40,76,Purple
128,37,121,Purple
96,31,244,Red
233,125,25,Blue
99,15,234,Red
168,38,167,Purple
212,140,67,Blue
167,69,87,Blue
61,57,71,Grey
221,127,59,Blue
78,191,135,Green
20,75,27,Green
149,232,175,Green
119,185,59,Green
212,233,242,White
234,128,166,Purple
187,126,164,Purple
118,50,215,Pink
227,7,158,Purple
246,187,83,Blue
52,130,250,Orange
146,88,55,Blue
225,179,221,Pink
153,128,60,Blue
76,7,62,Purple
115,88,38,Blue
46,177,120,Green
153,196,115,Green
95,34,225,Red
12,230,191,Green
74,20,179,Red
199,9,73,Blue
207,221,200,Green
54,186,252,Yellow
103,116,183,Brown
16,254,94,Green
159,204,4,Green
240,129,233,Pink
137,186,160,Green
15,163,66,Green
193,195,158,Grey
208,18,98,Purple
52,89,62,Green
100,179,225,Yellow
127,134,30,Green
97,249,234,Yellow
81,155,112,Green
92,35,152,Purple
189,43,203,Purple
139,110,236,Red
104,23,171,Purple
244,164,54,Blue
191,63,101,Blue
19,171,174,Green
245,172,113,Blue
132,36,226,Pink
178,83,23,Blue
125,27,112,Purple
112,7,143,Purple
76,76,125,Brown
8,167,50,Green
85,7,28,Blue
16,121,252,Orange
67,93,46,Green
180,213,18,Green
37,172,18,Green
239,138,176,Blue
191,245,244,Yellow
167,240,167,Green
69,27,103,Brown
220,189,21,Blue
197,47,227,Pink
215,218,218,Grey
109,240,9,Green
126,237,7,Green
198,217,230,White
135,3,11,Blue
110,202,250,Yellow
240,223,121,Blue
37,81,72,Green
188,210,66,Green
25,244,253,Yellow
125,244,197,Yellow
192,11,123,Purple
252,225,182,Blue
237,203,227,Purple
32,206,131,Green
193,37,48,Blue
243,139,5,Blue
48,79,56,Green
111,149,25,Green
187,41,161,Purple
158,156,237,Orange
76,22,195,Red
74,130,78,Green
154,158,51,Blue
170,13,21,Blue
247,78,53,Blue
148,83,194,Pink
177,73,68,Blue
5,52,149,Brown
236,22,3,Blue
35,190,111,Green
86,116,77,Green
154,7,120,Purple
4,113,133,Green
57,104,123,Brown
1,10,22,Brown
11,117,20,Green
38,89,247,Orange
68,160,201,Yellow
98,128,14,Green
136,176,129,Green
196,3,176,Purple
111,247,229,Yellow
181,216,83,Green
95,151,33,Green
214,144,8,Blue
77,111,169,Brown
148,34,231,Pink
240,150,186,Blue
236,11,165,Purple
156,123,211,Pink
152,83,248,Pink
142,34,79,Blue
253,8,247,Pink
106,123,58,Green
251,242,86,Green
179,16,221,Purple
5,74,128,Brown
223,121,235,Pink
56,131,186,Brown
205,142,68,Blue
161,239,39,Green
159,109,231,Pink
148,46,253,Pink
33,236,184,Green
114,139,224,Brown
122,167,69,Green
80,2,32,Blue
194,201,82,Blue
99,241,116,Green
92,72,4,Blue
63,119,199,Brown
119,129,70,Green
75,182,163,Green
17,75,12,Green
79,197,126,Green
57,160,141,Green
53,69,68,Grey
180,89,126,Purple
132,243,157,Yellow
102,172,81,Green
214,32,147,Purple
60,44,171,Red
54,153,89,Green
185,75,25,Blue
24,18,113,Brown
108,216,37,Green
73,125,250,Orange
236,211,94,Blue
124,210,143,Green
122,90,119,Purple
182,193,142,Grey
39,57,202,Orange
147,10,58,Blue
65,108,107,Green
119,147,60,Green
136,188,244,Orange
17,141,87,Green
102,57,193,Pink
156,154,82,Blue
46,35,194,Red
238,193,45,Blue
121,236,77,Green
196,106,86,Blue
62,106,130,Brown
95,65,186,Pink
183,182,119,Blue
221,73,196,Purple
95,59,115,Purple
58,246,25,Green
110,178,100,Green
166,221,170,Green
103,139,148,Brown
117,133,51,Green
143,63,116,Purple
44,83,24,Green
54,49,6,Blue
99,239,135,Yellow
6,64,150,Brown
11,17,63,Brown
185,137,159,Blue
155,19,61,Blue
218,15,12,Blue
20,120,186,Orange
50,84,21,Green
162,25,2,Blue
151,193,65,Green
119,41,216,Pink
41,3,3,Blue
153,74,249,Pink
3,117,224,Orange
106,5,78,Purple
184,217,69,Green
155,63,49,Blue
134,21,105,Purple
227,92,149,Purple
21,21,5,Green
202,2,185,Purple
230,121,65,Blue
123,164,174,Brown
0,89,200,Orange
132,249,63,Green
139,101,62,Blue
105,98,134,Brown
239,45,202,Pink
109,215,44,Green
200,234,191,Green
108,49,114,Purple
242,149,54,Blue
72,23,51,Purple
137,20,29,Blue
130,176,189,Yellow
11,147,252,Orange
174,72,39,Blue
173,66,156,Purple
205,12,34,Blue
183,240,151,Green
163,96,19,Blue
185,35,150,Purple
14,197,226,Yellow
165,201,237,Orange
168,248,235,Yellow
133,177,6,Green
36,185,162,Green
118,151,171,Brown
185,140,80,Blue
27,83,95,Brown
176,6,84,Purple
142,8,128,Purple
34,84,132,Brown
77,77,40,Green
128,226,19,Green
87,194,71,Green
141,196,241,Orange
109,43,38,Blue
94,241,22,Green
9,109,69,Green
29,141,90,Green
121,72,82,Blue
238,22,11,Blue
17,10,122,Red
45,119,198,Orange
63,223,71,Green
129,32,225,Pink
13,102,18,Green
207,116,138,Purple
92,13,123,Purple
103,214,53,Green
174,233,79,Green
168,92,197,Pink
253,232,108,Blue
122,138,72,Green
192,215,152,Green
243,166,220,Pink
160,240,182,Green
221,228,36,Blue
102,181,39,Green
185,119,29,Blue
115,2,41,Blue
190,91,171,Pink
14,63,138,Brown
204,166,189,Pink
196,11,227,Pink
110,169,189,Brown
189,91,92,Blue
118,202,57,Green
151,128,253,Pink
175,243,212,Yellow
154,234,241,Yellow
215,76,6,Blue
172,202,27,Green
102,82,99,Grey
6,228,122,Green
129,175,68,Green
227,93,2,Blue
86,18,231,Red
245,246,103,Blue
92,55,98,Purple
57,30,28,Black
254,47,169,Pink
30,245,32,Green
236,199,214,Grey
132,0,188,Pink
4,103,175,Orange
184,14,24,Blue
39,76,31,Green
198,50,213,Pink
134,98,119,Grey
48,139,23,Green
75,179,13,Green
149,248,55,Green
234,151,3,Blue
86,94,230,Orange
23,240,171,Green
160,238,43,Green
35,200,11,Green
192,130,101,Blue
219,117,128,Blue
34,153,221,Orange
241,153,143,Blue
237,171,135,Blue
38,73,133,Brown
39,117,15,Green
245,78,107,Blue
82,176,110,Green
125,192,97,Green
233,63,242,Pink
240,240,240,White
241,241,241,White
242,242,242,White
243,243,243,White
244,244,244,White
245,245,245,White
246,246,246,White
247,247,247,White
248,248,248,White
249,249,249,White
250,250,250,White
251,251,251,White
252,252,252,White
253,253,253,White
254,254,254,White
255,255,255,White
0,0,0,Black
1,1,1,Black
2,2,2,Black
3,3,3,Black
4,4,4,Black
5,5,5,Black
6,6,6,Black
7,7,7,Black
8,8,8,Black
9,9,9,Black
10,10,10,Black
11,11,11,Black
12,12,12,Black
13,13,13,Black
14,14,14,Black
15,15,15,Black
16,16,16,Black
17,17,17,Black
18,18,18,Black
19,19,19,Black
20,20,20,Black
21,21,21,Black
22,22,22,Black
23,23,23,Black
24,24,24,Black
25,25,25,Black
26,26,26,Black
27,27,27,Black
28,28,28,Black
29,29,29,Black
30,30,30,Black
